,year,state,hs_grad,rank_a,bachelors,rank_b,adv_degree,rank_c,avg_income,dem_spend,rep_spend,dem_pac,rep_pac,inflation_rate,poverty_rate,stock_change,unemployment_rate,perc_urban,rep_sen,rep_house,campaign_fund,rep_legis,stateGDP,dem_name,rep_name,rep_win
0,2000,Alabama,84.3,44,23.5,44,8.7,38,48800,120.3,186.5,0,0,,15.6,-39.29,5.1,55.4,0.55,0.5195,0.6079,34,0.744375363420853,Gore,G.W. Bush,1
1,2001,Alabama,84.3,44,23.5,44,8.7,38,51380,,,,,1.55,16.5,-21.05,5.2,55.85,,,,,,,,
2,2002,Alabama,84.3,44,23.5,44,8.7,38,49774,,,,,2.38,16.6,-31.53,6.5,56.3,,,,,,,,
3,2003,Alabama,84.3,44,23.5,44,8.7,38,47651,,,,,1.88,17.1,50.01,6.2,56.75,,,,,,,,
4,2004,Alabama,84.3,44,23.5,44,8.7,38,46745,332.7,355,0,0,3.26,16.1,8.59,6.4,56.975,0.51,0.5264,0.5162,37,0.780727504786216,Kerry,G.W. Bush,1
5,2005,Alabama,84.3,44,23.5,44,8.7,38,46255,,,,,3.42,17,1.37,5.4,57.2,,,,,,,,
6,2006,Alabama,84.3,44,23.5,44,8.7,38,50028,,,,,2.54,16.6,9.52,4.4,57.425,,,,,,,,
7,2007,Alabama,84.3,44,23.5,44,8.7,38,50761,,,,,4.08,16.9,9.81,4.3,57.65,,,,,,,,
8,2008,Alabama,84.3,44,23.5,44,8.7,38,45789,760.4,239.7,0,0,0.09,15.7,-40.54,4.8,58.1,0.49,0.4644,0.2397,40,0.763951158033925,Obama,McCain,1
9,2009,Alabama,84.3,44,23.5,44,8.7,38,46120,,,,,2.72,17.5,43.89,9.7,58.55,,,,,,,,
10,2010,Alabama,84.3,44,23.5,44,8.7,38,46520,,,,,1.5,19,16.91,12.3,59,,,,,,,,
11,2011,Alabama,84.3,44,23.5,44,8.7,38,46490,,,,,2.96,19,-1.8,11,,,,,,,,,
12,2012,Alabama,84.3,44,23.5,44,8.7,38,43616,737.1,458.7,70.5,143.3,1.74,19,15.91,8.3,,0.51,0.5563,0.396,62,0.756359407770418,Obama,Romney,1
13,2013,Alabama,84.3,44,23.5,44,8.7,38,49876,,,,,1.5,18.7,38.32,8.2,,,,,,,,,
14,2014,Alabama,84.3,44,23.5,44,8.7,38,43820,,,,,0.76,19.3,13.4,7.6,,,,,,,,,
15,2015,Alabama,84.3,44,23.5,44,8.7,38,46053,,,,,0.73,18.5,5.73,6.4,,,,,,,,,
16,2000,Alaska,92.1,5,28,26,10.1,27,79616,120.3,186.5,0,0,,9.1,-39.29,7.4,65.6,0.55,0.5195,0.6079,65,1.27888357114103,Gore,G.W. Bush,1
17,2001,Alaska,92.1,5,28,26,10.1,27,72110,,,,,1.55,7.2,-21.05,7.5,65.65,,,,,,,,
18,2002,Alaska,92.1,5,28,26,10.1,27,69257,,,,,2.38,7.7,-31.53,7.8,65.7,,,,,,,,
19,2003,Alaska,92.1,5,28,26,10.1,27,71632,,,,,1.88,9.7,50.01,8.7,65.75,,,,,,,,
20,2004,Alaska,92.1,5,28,26,10.1,27,70326,332.7,355,0,0,3.26,8.2,8.59,8.8,65.775,0.51,0.5264,0.5162,63,1.27923845990215,Kerry,G.W. Bush,1
21,2005,Alaska,92.1,5,28,26,10.1,27,68761,,,,,3.42,11.2,1.37,8.1,65.8,,,,,,,,
22,2006,Alaska,92.1,5,28,26,10.1,27,74657,,,,,2.54,10.9,9.52,7.9,65.825,,,,,,,,
23,2007,Alaska,92.1,5,28,26,10.1,27,73032,,,,,4.08,8.9,9.81,7.3,65.85,,,,,,,,
24,2008,Alaska,92.1,5,28,26,10.1,27,70555,760.4,239.7,0,0,0.09,8.4,-40.54,7.4,65.9,0.49,0.4644,0.2397,57,1.39515712485279,Obama,McCain,1
25,2009,Alaska,92.1,5,28,26,10.1,27,65178,,,,,2.72,9,43.89,8,65.95,,,,,,,,
26,2010,Alaska,92.1,5,28,26,10.1,27,62731,,,,,1.5,9.9,16.91,8.9,66,,,,,,,,
27,2011,Alaska,92.1,5,28,26,10.1,27,68080,,,,,2.96,10.5,-1.8,8.7,,,,,,,,,
28,2012,Alaska,92.1,5,28,26,10.1,27,64439,737.1,458.7,70.5,143.3,1.74,10.1,15.91,8.2,,0.51,0.5563,0.396,53,1.52551031002762,Obama,Romney,1
29,2013,Alaska,92.1,5,28,26,10.1,27,76387,,,,,1.5,9.3,38.32,8,,,,,,,,,
30,2014,Alaska,92.1,5,28,26,10.1,27,70095,,,,,0.76,11.2,13.4,7.8,,,,,,,,,
31,2015,Alaska,92.1,5,28,26,10.1,27,77717,,,,,0.73,10.3,5.73,7.2,,,,,,,,,
32,2000,Arizona,86,35,27.5,30,10.2,25,59270,120.3,186.5,0,0,,15.6,-39.29,4.2,88.2,0.55,0.5195,0.6079,62,0.876347452699378,Gore,G.W. Bush,1
33,2001,Arizona,86,35,27.5,30,10.2,25,54292,,,,,1.55,13.7,-21.05,4.3,88.4,,,,,,,,
34,2002,Arizona,86,35,27.5,30,10.2,25,55000,,,,,2.38,14.2,-31.53,6.1,88.6,,,,,,,,
35,2003,Arizona,86,35,27.5,30,10.2,25,57039,,,,,1.88,15.4,50.01,6.1,88.8,,,,,,,,
36,2004,Arizona,86,35,27.5,30,10.2,25,56931,332.7,355,0,0,3.26,14.2,8.59,5.5,88.9,0.51,0.5264,0.5162,62,0.873495001063603,Kerry,G.W. Bush,1
37,2005,Arizona,86,35,27.5,30,10.2,25,56864,,,,,3.42,14.2,1.37,4.9,89,,,,,,,,
38,2006,Arizona,86,35,27.5,30,10.2,25,55957,,,,,2.54,14.2,9.52,4.5,89.1,,,,,,,,
39,2007,Arizona,86,35,27.5,30,10.2,25,53544,,,,,4.08,14.2,9.81,4.1,89.2,,,,,,,,
40,2008,Arizona,86,35,27.5,30,10.2,25,52385,760.4,239.7,0,0,0.09,14.7,-40.54,4.7,89.4,0.49,0.4644,0.2397,56,0.863618520278507,Obama,McCain,1
41,2009,Arizona,86,35,27.5,30,10.2,25,52839,,,,,2.72,16.5,43.89,8.5,89.6,,,,,,,,
42,2010,Arizona,86,35,27.5,30,10.2,25,53108,,,,,1.5,17.4,16.91,11.1,89.8,,,,,,,,
43,2011,Arizona,86,35,27.5,30,10.2,25,50320,,,,,2.96,19,-1.8,10,,,,,,,,,
44,2012,Arizona,86,35,27.5,30,10.2,25,53335,737.1,458.7,70.5,143.3,1.74,18.7,15.91,8.8,,0.51,0.5563,0.396,68,0.800236725709658,Obama,Romney,1
45,2013,Arizona,86,35,27.5,30,10.2,25,55453,,,,,1.5,18.6,38.32,8.2,,,,,,,,,
46,2014,Arizona,86,35,27.5,30,10.2,25,51050,,,,,0.76,18.2,13.4,7.2,,,,,,,,,
47,2015,Arizona,86,35,27.5,30,10.2,25,54060,,,,,0.73,17.4,5.73,6.6,,,,,,,,,
48,2000,Arkansas,84.8,43,21.1,48,7.5,49,46272,120.3,186.5,0,0,,17,-39.29,5.1,52.5,0.55,0.5195,0.6079,21,0.711947041195151,Gore,G.W. Bush,1
49,2001,Arkansas,84.8,43,21.1,48,7.5,49,44253,,,,,1.55,15.4,-21.05,5.3,52.9625,,,,,,,,
50,2002,Arkansas,84.8,43,21.1,48,7.5,49,42756,,,,,2.38,15.3,-31.53,6.4,53.425,,,,,,,,
51,2003,Arkansas,84.8,43,21.1,48,7.5,49,45511,,,,,1.88,16,50.01,6.4,53.8875,,,,,,,,
52,2004,Arkansas,84.8,43,21.1,48,7.5,49,46126,332.7,355,0,0,3.26,17.9,8.59,6.6,54.11875,0.51,0.5264,0.5162,28,0.743161029568177,Kerry,G.W. Bush,1
53,2005,Arkansas,84.8,43,21.1,48,7.5,49,45164,,,,,3.42,17.2,1.37,6.1,54.35,,,,,,,,
54,2006,Arkansas,84.8,43,21.1,48,7.5,49,48349,,,,,2.54,17.3,9.52,5.5,54.58125,,,,,,,,
55,2007,Arkansas,84.8,43,21.1,48,7.5,49,45180,,,,,4.08,17.9,9.81,5.9,54.8125,,,,,,,,
56,2008,Arkansas,84.8,43,21.1,48,7.5,49,41847,760.4,239.7,0,0,0.09,17.3,-40.54,5.7,55.275,0.49,0.4644,0.2397,24,0.722237143860664,Obama,McCain,1
57,2009,Arkansas,84.8,43,21.1,48,7.5,49,43477,,,,,2.72,18.8,43.89,8,55.7375,,,,,,,,
58,2010,Arkansas,84.8,43,21.1,48,7.5,49,45114,,,,,1.5,18.8,16.91,9,56.2,,,,,,,,
59,2011,Arkansas,84.8,43,21.1,48,7.5,49,41735,,,,,2.96,19.5,-1.8,9.5,,,,,,,,,
60,2012,Arkansas,84.8,43,21.1,48,7.5,49,42075,737.1,458.7,70.5,143.3,1.74,19.8,15.91,8.5,,0.51,0.5563,0.396,44,0.726353385800611,Obama,Romney,1
61,2013,Arkansas,84.8,43,21.1,48,7.5,49,41503,,,,,1.5,19.7,38.32,8.3,,,,,,,,,
62,2014,Arkansas,84.8,43,21.1,48,7.5,49,46560,,,,,0.76,18.9,13.4,7.2,,,,,,,,,
63,2015,Arkansas,84.8,43,21.1,48,7.5,49,44282,,,,,0.73,19.1,5.73,6.2,,,,,,,,,
64,2000,California,81.8,50,31.4,14,11.6,14,65596,120.3,186.5,0,0,,13.7,-39.29,5.4,94.4,0.55,0.5195,0.6079,39,1.0784765397862,Gore,G.W. Bush,0
65,2001,California,81.8,50,31.4,14,11.6,14,64817,,,,,1.55,12.8,-21.05,5.3,94.5,,,,,,,,
66,2002,California,81.8,50,31.4,14,11.6,14,65867,,,,,2.38,13,-31.53,7,94.6,,,,,,,,
67,2003,California,81.8,50,31.4,14,11.6,14,64033,,,,,1.88,13.4,50.01,7.3,94.7,,,,,,,,
68,2004,California,81.8,50,31.4,14,11.6,14,65122,332.7,355,0,0,3.26,13.3,8.59,7,94.75,0.51,0.5264,0.5162,39,1.09593703467347,Kerry,G.W. Bush,0
69,2005,California,81.8,50,31.4,14,11.6,14,67421,,,,,3.42,13.3,1.37,6.2,94.8,,,,,,,,
70,2006,California,81.8,50,31.4,14,11.6,14,66054,,,,,2.54,13.1,9.52,5.3,94.85,,,,,,,,
71,2007,California,81.8,50,31.4,14,11.6,14,65071,,,,,4.08,12.4,9.81,5.5,94.9,,,,,,,,
72,2008,California,81.8,50,31.4,14,11.6,14,64291,760.4,239.7,0,0,0.09,13.3,-40.54,6.4,95,0.49,0.4644,0.2397,39,1.12505939959918,Obama,McCain,0
73,2009,California,81.8,50,31.4,14,11.6,14,61162,,,,,2.72,14.2,43.89,10.2,95.1,,,,,,,,
74,2010,California,81.8,50,31.4,14,11.6,14,58292,,,,,1.5,15.8,16.91,12.7,95.2,,,,,,,,
75,2011,California,81.8,50,31.4,14,11.6,14,60990,,,,,2.96,16.6,-1.8,12.6,,,,,,,,,
76,2012,California,81.8,50,31.4,14,11.6,14,60635,737.1,458.7,70.5,143.3,1.74,17,15.91,11.4,,0.51,0.5563,0.396,36,1.09873953942314,Obama,Romney,0
77,2013,California,81.8,50,31.4,14,11.6,14,64078,,,,,1.5,16.8,38.32,10.2,,,,,,,,,
78,2014,California,81.8,50,31.4,14,11.6,14,62693,,,,,0.76,16.4,13.4,8.4,,,,,,,,,
79,2015,California,81.8,50,31.4,14,11.6,14,65843,,,,,0.73,15.3,5.73,7.2,,,,,,,,,
80,2000,Colorado,90.7,14,38.1,2,14,7,68559,120.3,186.5,0,0,,8.7,-39.29,3.2,84.5,0.55,0.5195,0.6079,60,1.15230129266002,Gore,G.W. Bush,1
81,2001,Colorado,90.7,14,38.1,2,14,7,65988,,,,,1.55,9.6,-21.05,3.2,84.7125,,,,,,,,
82,2002,Colorado,90.7,14,38.1,2,14,7,66722,,,,,2.38,9.7,-31.53,5.9,84.925,,,,,,,,
83,2003,Colorado,90.7,14,38.1,2,14,7,66198,,,,,1.88,9.8,50.01,6.4,85.1375,,,,,,,,
84,2004,Colorado,90.7,14,38.1,2,14,7,63479,332.7,355,0,0,3.26,11.1,8.59,6.3,85.24375,0.51,0.5264,0.5162,55,1.06536907041055,Kerry,G.W. Bush,1
85,2005,Colorado,90.7,14,38.1,2,14,7,67882,,,,,3.42,11.1,1.37,5.7,85.35,,,,,,,,
86,2006,Colorado,90.7,14,38.1,2,14,7,72462,,,,,2.54,12,9.52,5.1,85.45625,,,,,,,,
87,2007,Colorado,90.7,14,38.1,2,14,7,69556,,,,,4.08,12,9.81,4.3,85.5625,,,,,,,,
88,2008,Colorado,90.7,14,38.1,2,14,7,64057,760.4,239.7,0,0,0.09,11.4,-40.54,4.6,85.775,0.49,0.4644,0.2397,40,1.06714737298816,Obama,McCain,0
89,2009,Colorado,90.7,14,38.1,2,14,7,67866,,,,,2.72,12.9,43.89,6.6,85.9875,,,,,,,,
90,2010,Colorado,90.7,14,38.1,2,14,7,64040,,,,,1.5,13.4,16.91,8.9,86.2,,,,,,,,
91,2011,Colorado,90.7,14,38.1,2,14,7,61242,,,,,2.96,13.5,-1.8,9.2,,,,,,,,,
92,2012,Colorado,90.7,14,38.1,2,14,7,66794,737.1,458.7,70.5,143.3,1.74,13.7,15.91,8.6,,0.51,0.5563,0.396,48,1.03042133023237,Obama,Romney,0
93,2013,Colorado,90.7,14,38.1,2,14,7,71580,,,,,1.5,13,38.32,8,,,,,,,,,
94,2014,Colorado,90.7,14,38.1,2,14,7,63162,,,,,0.76,12,13.4,6.4,,,,,,,,,
95,2015,Colorado,90.7,14,38.1,2,14,7,68906,,,,,0.73,11.5,5.73,4.8,,,,,,,,,
96,2000,Connecticut,89.9,18,37.6,4,16.6,3,74042,120.3,186.5,0,0,,7.7,-39.29,3.3,87.7,0.55,0.5195,0.6079,39,1.37216531735027,Gore,G.W. Bush,0
97,2001,Connecticut,89.9,18,37.6,4,16.6,3,72947,,,,,1.55,7.3,-21.05,3.3,87.7375,,,,,,,,
98,2002,Connecticut,89.9,18,37.6,4,16.6,3,73436,,,,,2.38,7.5,-31.53,3.9,87.775,,,,,,,,
99,2003,Connecticut,89.9,18,37.6,4,16.6,3,71680,,,,,1.88,8.1,50.01,5.8,87.8125,,,,,,,,
100,2004,Connecticut,89.9,18,37.6,4,16.6,3,71514,332.7,355,0,0,3.26,7.6,8.59,5.7,87.83125,0.51,0.5264,0.5162,39,1.38340778557754,Kerry,G.W. Bush,0
101,2005,Connecticut,89.9,18,37.6,4,16.6,3,76056,,,,,3.42,8.3,1.37,5.4,87.85,,,,,,,,
102,2006,Connecticut,89.9,18,37.6,4,16.6,3,76017,,,,,2.54,8.3,9.52,5,87.86875,,,,,,,,
103,2007,Connecticut,89.9,18,37.6,4,16.6,3,73823,,,,,4.08,7.9,9.81,4.8,87.8875,,,,,,,,
104,2008,Connecticut,89.9,18,37.6,4,16.6,3,74274,760.4,239.7,0,0,0.09,9.3,-40.54,5.4,87.925,0.49,0.4644,0.2397,30,1.42098303754055,Obama,McCain,0
105,2009,Connecticut,89.9,18,37.6,4,16.6,3,74361,,,,,2.72,9.4,43.89,7.3,87.9625,,,,,,,,
106,2010,Connecticut,89.9,18,37.6,4,16.6,3,71452,,,,,1.5,10.1,16.91,9.5,88,,,,,,,,
107,2011,Connecticut,89.9,18,37.6,4,16.6,3,68720,,,,,2.96,10.9,-1.8,9.8,,,,,,,,,
108,2012,Connecticut,89.9,18,37.6,4,16.6,3,71442,737.1,458.7,70.5,143.3,1.74,10.7,15.91,8.7,,0.51,0.5563,0.396,35,1.31872832610005,Obama,Romney,0
109,2013,Connecticut,89.9,18,37.6,4,16.6,3,73034,,,,,1.5,10.7,38.32,8.7,,,,,,,,,
110,2014,Connecticut,89.9,18,37.6,4,16.6,3,72719,,,,,0.76,10.8,13.4,7.6,,,,,,,,,
111,2015,Connecticut,89.9,18,37.6,4,16.6,3,75417,,,,,0.73,10.5,5.73,6.6,,,,,,,,,
112,2000,Delaware,88.4,27,30,19,12.2,12,68844,120.3,186.5,0,0,,9.3,-39.29,4.1,80.1,0.55,0.5195,0.6079,55,1.54296193585902,Gore,G.W. Bush,0
113,2001,Delaware,88.4,27,30,19,12.2,12,67841,,,,,1.55,9.8,-21.05,4.6,80.5,,,,,,,,
114,2002,Delaware,88.4,27,30,19,12.2,12,65492,,,,,2.38,8.2,-31.53,4.5,80.9,,,,,,,,
115,2003,Delaware,88.4,27,30,19,12.2,12,62507,,,,,1.88,8.7,50.01,4.7,81.3,,,,,,,,
116,2004,Delaware,88.4,27,30,19,12.2,12,64468,332.7,355,0,0,3.26,9.9,8.59,4.4,81.5,0.51,0.5264,0.5162,60,1.47840884918103,Kerry,G.W. Bush,0
117,2005,Delaware,88.4,27,30,19,12.2,12,63910,,,,,3.42,10.4,1.37,4.6,81.7,,,,,,,,
118,2006,Delaware,88.4,27,30,19,12.2,12,64697,,,,,2.54,11.1,9.52,4.4,81.9,,,,,,,,
119,2007,Delaware,88.4,27,30,19,12.2,12,57867,,,,,4.08,10.5,9.81,3.9,82.1,,,,,,,,
120,2008,Delaware,88.4,27,30,19,12.2,12,59686,760.4,239.7,0,0,0.09,10,-40.54,4.4,82.5,0.49,0.4644,0.2397,48,1.29201875994298,Obama,McCain,0
121,2009,Delaware,88.4,27,30,19,12.2,12,62211,,,,,2.72,10.8,43.89,7.8,82.9,,,,,,,,
122,2010,Delaware,88.4,27,30,19,12.2,12,59704,,,,,1.5,11.8,16.91,9.3,83.3,,,,,,,,
123,2011,Delaware,88.4,27,30,19,12.2,12,52382,,,,,2.96,11.9,-1.8,8.5,,,,,,,,,
124,2012,Delaware,88.4,27,30,19,12.2,12,55040,737.1,458.7,70.5,143.3,1.74,12,15.91,7.6,,0.51,0.5563,0.396,35,1.29090267250867,Obama,Romney,0
125,2013,Delaware,88.4,27,30,19,12.2,12,57013,,,,,1.5,12.4,38.32,7.7,,,,,,,,,
126,2014,Delaware,88.4,27,30,19,12.2,12,59619,,,,,0.76,12.5,13.4,6.6,,,,,,,,,
127,2015,Delaware,88.4,27,30,19,12.2,12,59759,,,,,0.73,12.4,5.73,5.5,,,,,,,,,
128,2000,District of Columbia,89.3,,54.6,,31.3,,,120.3,186.5,0,0,,17.5,-39.29,5.9,100,,,,,,Gore,G.W. Bush,
129,2001,District of Columbia,89.3,,54.6,,31.3,,,,,,,1.55,18.1,-21.05,6.4,100,,,,,,,,
130,2002,District of Columbia,89.3,,54.6,,31.3,,,,,,,2.38,17.5,-31.53,6.9,100,,,,,,,,
131,2003,District of Columbia,89.3,,54.6,,31.3,,,,,,,1.88,19.9,50.01,6.9,100,,,,,,,,
132,2004,District of Columbia,89.3,,54.6,,31.3,,,332.7,355,0,0,3.26,18.9,8.59,7.2,100,,,,,,Kerry,G.W. Bush,
133,2005,District of Columbia,89.3,,54.6,,31.3,,,,,,,3.42,19,1.37,7.8,100,,,,,,,,
134,2006,District of Columbia,89.3,,54.6,,31.3,,,,,,,2.54,19.6,9.52,5.9,100,,,,,,,,
135,2007,District of Columbia,89.3,,54.6,,31.3,,,,,,,4.08,16.4,9.81,5.9,100,,,,,,,,
136,2008,District of Columbia,89.3,,54.6,,31.3,,,760.4,239.7,0,0,0.09,17.2,-40.54,6.1,100,,,,,,Obama,McCain,
137,2009,District of Columbia,89.3,,54.6,,31.3,,,,,,,2.72,18.4,43.89,8.3,100,,,,,,,,
138,2010,District of Columbia,89.3,,54.6,,31.3,,,,,,,1.5,19.2,16.91,10.2,100,,,,,,,,
139,2011,District of Columbia,89.3,,54.6,,31.3,,,,,,,2.96,18.7,-1.8,9.9,,,,,,,,,
140,2012,District of Columbia,89.3,,54.6,,31.3,,,737.1,458.7,70.5,143.3,1.74,18.2,15.91,10.1,,,,,,,Obama,Romney,
141,2013,District of Columbia,89.3,,54.6,,31.3,,,,,,,1.5,18.9,38.32,9.1,,,,,,,,,
142,2014,District of Columbia,89.3,,54.6,,31.3,,,,,,,0.76,17.7,13.4,8.2,,,,,,,,,
143,2015,District of Columbia,89.3,,54.6,,31.3,,,,,,,0.73,17.3,5.73,7.7,,,,,,,,,
144,2000,Florida,86.9,32,27.3,31,9.8,29,50550,120.3,186.5,0,0,,12.8,-39.29,3.7,89.3,0.55,0.5195,0.6079,61,0.86907903564879,Gore,G.W. Bush,1
145,2001,Florida,86.9,32,27.3,31,9.8,29,51956,,,,,1.55,12.5,-21.05,3.9,89.5375,,,,,,,,
146,2002,Florida,86.9,32,27.3,31,9.8,29,52068,,,,,2.38,12.8,-31.53,6.1,89.775,,,,,,,,
147,2003,Florida,86.9,32,27.3,31,9.8,29,52732,,,,,1.88,13.1,50.01,5.5,90.0125,,,,,,,,
148,2004,Florida,86.9,32,27.3,31,9.8,29,54093,332.7,355,0,0,3.26,12.2,8.59,4.9,90.13125,0.51,0.5264,0.5162,67,0.887811104020421,Kerry,G.W. Bush,1
149,2005,Florida,86.9,32,27.3,31,9.8,29,55669,,,,,3.42,12.8,1.37,4.3,90.25,,,,,,,,
150,2006,Florida,86.9,32,27.3,31,9.8,29,54273,,,,,2.54,12.6,9.52,3.1,90.36875,,,,,,,,
151,2007,Florida,86.9,32,27.3,31,9.8,29,51196,,,,,4.08,12.1,9.81,3.6,90.4875,,,,,,,,
152,2008,Florida,86.9,32,27.3,31,9.8,29,52261,760.4,239.7,0,0,0.09,13.2,-40.54,5,90.725,0.49,0.4644,0.2397,64,0.852069172124543,Obama,McCain,0
153,2009,Florida,86.9,32,27.3,31,9.8,29,49650,,,,,2.72,14.9,43.89,9,90.9625,,,,,,,,
154,2010,Florida,86.9,32,27.3,31,9.8,29,49267,,,,,1.5,16.5,16.91,11.5,91.2,,,,,,,,
155,2011,Florida,86.9,32,27.3,31,9.8,29,49279,,,,,2.96,17,-1.8,10.8,,,,,,,,,
156,2012,Florida,86.9,32,27.3,31,9.8,29,50473,737.1,458.7,70.5,143.3,1.74,17.1,15.91,9,,0.51,0.5563,0.396,68,0.782648420790332,Obama,Romney,0
157,2013,Florida,86.9,32,27.3,31,9.8,29,51153,,,,,1.5,17,38.32,8.3,,,,,,,,,
158,2014,Florida,86.9,32,27.3,31,9.8,29,47822,,,,,0.76,16.5,13.4,6.7,,,,,,,,,
159,2015,Florida,86.9,32,27.3,31,9.8,29,50518,,,,,0.73,15.7,5.73,6,,,,,,,,,
160,2000,Georgia,85.4,40,28.8,23,10.7,20,59092,120.3,186.5,0,0,,12.6,-39.29,3.8,71.6,0.55,0.5195,0.6079,43,1.0163930759941,Gore,G.W. Bush,1
161,2001,Georgia,85.4,40,28.8,23,10.7,20,58671,,,,,1.55,11.7,-21.05,3.8,72.0375,,,,,,,,
162,2002,Georgia,85.4,40,28.8,23,10.7,20,56699,,,,,2.38,12.7,-31.53,5.2,72.475,,,,,,,,
163,2003,Georgia,85.4,40,28.8,23,10.7,20,53316,,,,,1.88,13.4,50.01,5.2,72.9125,,,,,,,,
164,2004,Georgia,85.4,40,28.8,23,10.7,20,57788,332.7,355,0,0,3.26,14.8,8.59,4.5,73.13125,0.51,0.5264,0.5162,44,0.991257179323548,Kerry,G.W. Bush,1
165,2005,Georgia,85.4,40,28.8,23,10.7,20,60139,,,,,3.42,14.4,1.37,5.3,73.35,,,,,,,,
166,2006,Georgia,85.4,40,28.8,23,10.7,20,57647,,,,,2.54,14.7,9.52,4.9,73.56875,,,,,,,,
167,2007,Georgia,85.4,40,28.8,23,10.7,20,52760,,,,,4.08,14.3,9.81,4.5,73.7875,,,,,,,,
168,2008,Georgia,85.4,40,28.8,23,10.7,20,49638,760.4,239.7,0,0,0.09,14.7,-40.54,5.3,74.225,0.49,0.4644,0.2397,60,0.914010041114853,Obama,McCain,1
169,2009,Georgia,85.4,40,28.8,23,10.7,20,49707,,,,,2.72,16.5,43.89,9,74.6625,,,,,,,,
170,2010,Georgia,85.4,40,28.8,23,10.7,20,50216,,,,,1.5,17.9,16.91,10.9,75.1,,,,,,,,
171,2011,Georgia,85.4,40,28.8,23,10.7,20,51472,,,,,2.96,19.1,-1.8,10.8,,,,,,,,,
172,2012,Georgia,85.4,40,28.8,23,10.7,20,50001,737.1,458.7,70.5,143.3,1.74,19.2,15.91,9.8,,0.51,0.5563,0.396,64,0.875864360321449,Obama,Romney,1
173,2013,Georgia,85.4,40,28.8,23,10.7,20,49530,,,,,1.5,19,38.32,9.1,,,,,,,,,
174,2014,Georgia,85.4,40,28.8,23,10.7,20,51362,,,,,0.76,18.3,13.4,7.4,,,,,,,,,
175,2015,Georgia,85.4,40,28.8,23,10.7,20,52529,,,,,0.73,17,5.73,6.6,,,,,,,,,
176,2000,Hawaii,91,11,30.8,17,10.5,21,65842,120.3,186.5,0,0,,8.8,-39.29,4.7,91.5,0.55,0.5195,0.6079,18,0.989846580489332,Gore,G.W. Bush,0
177,2001,Hawaii,91,11,30.8,17,10.5,21,64634,,,,,1.55,10.4,-21.05,4.1,91.55,,,,,,,,
178,2002,Hawaii,91,11,30.8,17,10.5,21,69253,,,,,2.38,10.1,-31.53,5.1,91.6,,,,,,,,
179,2003,Hawaii,91,11,30.8,17,10.5,21,73165,,,,,1.88,10.9,50.01,3.9,91.65,,,,,,,,
180,2004,Hawaii,91,11,30.8,17,10.5,21,74976,332.7,355,0,0,3.26,10.6,8.59,3.8,91.675,0.51,0.5264,0.5162,26,1.02899383109977,Kerry,G.W. Bush,0
181,2005,Hawaii,91,11,30.8,17,10.5,21,73699,,,,,3.42,9.8,1.37,3.1,91.7,,,,,,,,
182,2006,Hawaii,91,11,30.8,17,10.5,21,75876,,,,,2.54,9.3,9.52,2.6,91.725,,,,,,,,
183,2007,Hawaii,91,11,30.8,17,10.5,21,70215,,,,,4.08,8,9.81,2.5,91.75,,,,,,,,
184,2008,Hawaii,91,11,30.8,17,10.5,21,63735,760.4,239.7,0,0,0.09,9.1,-40.54,3.2,91.8,0.49,0.4644,0.2397,14,1.05024689572529,Obama,McCain,0
185,2009,Hawaii,91,11,30.8,17,10.5,21,67084,,,,,2.72,10.4,43.89,6.4,91.85,,,,,,,,
186,2010,Hawaii,91,11,30.8,17,10.5,21,64496,,,,,1.5,10.7,16.91,7.2,91.9,,,,,,,,
187,2011,Hawaii,91,11,30.8,17,10.5,21,60181,,,,,2.96,12,-1.8,6.9,,,,,,,,,
188,2012,Hawaii,91,11,30.8,17,10.5,21,64725,737.1,458.7,70.5,143.3,1.74,11.6,15.91,6.8,,0.51,0.5563,0.396,12,1.02755570322072,Obama,Romney,0
189,2013,Hawaii,91,11,30.8,17,10.5,21,67705,,,,,1.5,10.8,38.32,5.2,,,,,,,,,
190,2014,Hawaii,91,11,30.8,17,10.5,21,73820,,,,,0.76,11.4,13.4,4.7,,,,,,,,,
191,2015,Hawaii,91,11,30.8,17,10.5,21,66751,,,,,0.73,10.6,5.73,4.1,,,,,,,,,
192,2000,Idaho,89.5,22,25.9,38,8.2,42,53076,120.3,186.5,0,0,,11.4,-39.29,6,66.4,0.55,0.5195,0.6079,85,0.779420315784765,Gore,G.W. Bush,1
193,2001,Idaho,89.5,22,25.9,38,8.2,42,51533,,,,,1.55,12,-21.05,5.9,66.925,,,,,,,,
194,2002,Idaho,89.5,22,25.9,38,8.2,42,56611,,,,,2.38,13.8,-31.53,7,67.45,,,,,,,,
195,2003,Idaho,89.5,22,25.9,38,8.2,42,57705,,,,,1.88,13.8,50.01,6.8,67.975,,,,,,,,
196,2004,Idaho,89.5,22,25.9,38,8.2,42,55586,332.7,355,0,0,3.26,14.5,8.59,6.6,68.2375,0.51,0.5264,0.5162,78,0.73739629865986,Kerry,G.W. Bush,1
197,2005,Idaho,89.5,22,25.9,38,8.2,42,56323,,,,,3.42,13.9,1.37,5.6,68.5,,,,,,,,
198,2006,Idaho,89.5,22,25.9,38,8.2,42,58291,,,,,2.54,12.6,9.52,5.3,68.7625,,,,,,,,
199,2007,Idaho,89.5,22,25.9,38,8.2,42,54121,,,,,4.08,12.1,9.81,4.5,69.025,,,,,,,,
200,2008,Idaho,89.5,22,25.9,38,8.2,42,53575,760.4,239.7,0,0,0.09,12.6,-40.54,4.1,69.55,0.49,0.4644,0.2397,75,0.758062849941117,Obama,McCain,1
201,2009,Idaho,89.5,22,25.9,38,8.2,42,53012,,,,,2.72,14.3,43.89,8.7,70.075,,,,,,,,
202,2010,Idaho,89.5,22,25.9,38,8.2,42,51839,,,,,1.5,15.7,16.91,10.5,70.6,,,,,,,,
203,2011,Idaho,89.5,22,25.9,38,8.2,42,51259,,,,,2.96,16.5,-1.8,10.1,,,,,,,,,
204,2012,Idaho,89.5,22,25.9,38,8.2,42,54563,737.1,458.7,70.5,143.3,1.74,15.9,15.91,8.9,,0.51,0.5563,0.396,81,0.707892933529913,Obama,Romney,1
205,2013,Idaho,89.5,22,25.9,38,8.2,42,51085,,,,,1.5,15.6,38.32,7.7,,,,,,,,,
206,2014,Idaho,89.5,22,25.9,38,8.2,42,55387,,,,,0.76,14.8,13.4,6.3,,,,,,,,,
207,2015,Idaho,89.5,22,25.9,38,8.2,42,53414,,,,,0.73,15.1,5.73,5.3,,,,,,,,,
208,2000,Illinois,87.9,30,32.3,12,12.4,11,64082,120.3,186.5,0,0,,11.1,-39.29,4.7,87.8,0.55,0.5195,0.6079,50,1.09909647984971,Gore,G.W. Bush,0
209,2001,Illinois,87.9,30,32.3,12,12.4,11,58358,,,,,1.55,11.2,-21.05,5.4,87.8875,,,,,,,,
210,2002,Illinois,87.9,30,32.3,12,12.4,11,60327,,,,,2.38,11.6,-31.53,7,87.975,,,,,,,,
211,2003,Illinois,87.9,30,32.3,12,12.4,11,59942,,,,,1.88,11.3,50.01,7.3,88.0625,,,,,,,,
212,2004,Illinois,87.9,30,32.3,12,12.4,11,60898,332.7,355,0,0,3.26,11.9,8.59,7,88.10625,0.51,0.5264,0.5162,44,1.07379281004042,Kerry,G.W. Bush,0
213,2005,Illinois,87.9,30,32.3,12,12.4,11,59319,,,,,3.42,12,1.37,6.4,88.15,,,,,,,,
214,2006,Illinois,87.9,30,32.3,12,12.4,11,62228,,,,,2.54,12.3,9.52,5.4,88.19375,,,,,,,,
215,2007,Illinois,87.9,30,32.3,12,12.4,11,60780,,,,,4.08,11.9,9.81,5.2,88.2375,,,,,,,,
216,2008,Illinois,87.9,30,32.3,12,12.4,11,60552,760.4,239.7,0,0,0.09,12.2,-40.54,6,88.325,0.49,0.4644,0.2397,41,1.06208549410136,Obama,McCain,0
217,2009,Illinois,87.9,30,32.3,12,12.4,11,57156,,,,,2.72,13.3,43.89,8.8,88.4125,,,,,,,,
218,2010,Illinois,87.9,30,32.3,12,12.4,11,55310,,,,,1.5,13.8,16.91,12.2,88.5,,,,,,,,
219,2011,Illinois,87.9,30,32.3,12,12.4,11,55340,,,,,2.96,15,-1.8,10.1,,,,,,,,,
220,2012,Illinois,87.9,30,32.3,12,12.4,11,60285,737.1,458.7,70.5,143.3,1.74,14.7,15.91,9.7,,0.51,0.5563,0.396,44,1.08299935627219,Obama,Romney,0
221,2013,Illinois,87.9,30,32.3,12,12.4,11,56850,,,,,1.5,14.7,38.32,10.3,,,,,,,,,
222,2014,Illinois,87.9,30,32.3,12,12.4,11,56918,,,,,0.76,14.4,13.4,8.8,,,,,,,,,
223,2015,Illinois,87.9,30,32.3,12,12.4,11,62508,,,,,0.73,13.6,5.73,6.8,,,,,,,,,
224,2000,Indiana,87.8,31,24.1,42,8.7,38,56043,120.3,186.5,0,0,,10.1,-39.29,3.6,70.8,0.55,0.5195,0.6079,52,0.921523460213803,Gore,G.W. Bush,1
225,2001,Indiana,87.8,31,24.1,42,8.7,38,56086,,,,,1.55,9.8,-21.05,4.1,71,,,,,,,,
226,2002,Indiana,87.8,31,24.1,42,8.7,38,56682,,,,,2.38,10.9,-31.53,6.1,71.2,,,,,,,,
227,2003,Indiana,87.8,31,24.1,42,8.7,38,55066,,,,,1.88,10.6,50.01,5.5,71.4,,,,,,,,
228,2004,Indiana,87.8,31,24.1,42,8.7,38,53398,332.7,355,0,0,3.26,10.8,8.59,5.9,71.5,0.51,0.5264,0.5162,54,0.917740906190173,Kerry,G.W. Bush,1
229,2005,Indiana,87.8,31,24.1,42,8.7,38,55341,,,,,3.42,12.2,1.37,6.2,71.6,,,,,,,,
230,2006,Indiana,87.8,31,24.1,42,8.7,38,56239,,,,,2.54,12.7,9.52,5.4,71.7,,,,,,,,
231,2007,Indiana,87.8,31,24.1,42,8.7,38,53094,,,,,4.08,12.3,9.81,5.4,71.8,,,,,,,,
232,2008,Indiana,87.8,31,24.1,42,8.7,38,50743,760.4,239.7,0,0,0.09,13.1,-40.54,5.3,72,0.49,0.4644,0.2397,55,0.899051672486106,Obama,McCain,0
233,2009,Indiana,87.8,31,24.1,42,8.7,38,51986,,,,,2.72,14.1,43.89,9.7,72.2,,,,,,,,
234,2010,Indiana,87.8,31,24.1,42,8.7,38,48547,,,,,1.5,15.3,16.91,11.8,72.4,,,,,,,,
235,2011,Indiana,87.8,31,24.1,42,8.7,38,49372,,,,,2.96,16,-1.8,10,,,,,,,,,
236,2012,Indiana,87.8,31,24.1,42,8.7,38,53284,737.1,458.7,70.5,143.3,1.74,15.6,15.91,9.2,,0.51,0.5563,0.396,65,0.894158689287124,Obama,Romney,0
237,2013,Indiana,87.8,31,24.1,42,8.7,38,52126,,,,,1.5,15.9,38.32,9.5,,,,,,,,,
238,2014,Indiana,87.8,31,24.1,42,8.7,38,49812,,,,,0.76,15.2,13.4,6.6,,,,,,,,,
239,2015,Indiana,87.8,31,24.1,42,8.7,38,53786,,,,,0.73,14.5,5.73,6.1,,,,,,,,,
240,2000,Iowa,91.5,9,26.7,35,8.5,41,56872,120.3,186.5,0,0,,10,-39.29,3.4,61.1,0.55,0.5195,0.6079,57,0.888916223106857,Gore,G.W. Bush,0
241,2001,Iowa,91.5,9,26.7,35,8.5,41,56089,,,,,1.55,9.7,-21.05,3.9,61.4625,,,,,,,,
242,2002,Iowa,91.5,9,26.7,35,8.5,41,55291,,,,,2.38,11.2,-31.53,4.8,61.825,,,,,,,,
243,2003,Iowa,91.5,9,26.7,35,8.5,41,56447,,,,,1.88,10.1,50.01,5.2,62.1875,,,,,,,,
244,2004,Iowa,91.5,9,26.7,35,8.5,41,58510,332.7,355,0,0,3.26,9.9,8.59,5.3,62.36875,0.51,0.5264,0.5162,55,0.948840672197405,Kerry,G.W. Bush,1
245,2005,Iowa,91.5,9,26.7,35,8.5,41,58655,,,,,3.42,10.9,1.37,5.4,62.55,,,,,,,,
246,2006,Iowa,91.5,9,26.7,35,8.5,41,57964,,,,,2.54,11,9.52,4.7,62.73125,,,,,,,,
247,2007,Iowa,91.5,9,26.7,35,8.5,41,57228,,,,,4.08,11,9.81,4.5,62.9125,,,,,,,,
248,2008,Iowa,91.5,9,26.7,35,8.5,41,58091,760.4,239.7,0,0,0.09,11.5,-40.54,4.5,63.275,0.49,0.4644,0.2397,45,0.958926468461395,Obama,McCain,0
249,2009,Iowa,91.5,9,26.7,35,8.5,41,55227,,,,,2.72,11.8,43.89,6.8,63.6375,,,,,,,,
250,2010,Iowa,91.5,9,26.7,35,8.5,41,54853,,,,,1.5,12.6,16.91,7.3,64,,,,,,,,
251,2011,Iowa,91.5,9,26.7,35,8.5,41,57163,,,,,2.96,12.8,-1.8,6.7,,,,,,,,,
252,2012,Iowa,91.5,9,26.7,35,8.5,41,57818,737.1,458.7,70.5,143.3,1.74,12.7,15.91,6.1,,0.51,0.5563,0.396,56,0.996636003073281,Obama,Romney,0
253,2013,Iowa,91.5,9,26.7,35,8.5,41,63405,,,,,1.5,12.7,38.32,6,,,,,,,,,
254,2014,Iowa,91.5,9,26.7,35,8.5,41,59918,,,,,0.76,12.2,13.4,5.3,,,,,,,,,
255,2015,Iowa,91.5,9,26.7,35,8.5,41,62965,,,,,0.73,12.2,5.73,4.8,,,,,,,,,
256,2000,Kansas,90.2,17,31,16,11,19,57481,120.3,186.5,0,0,,9.5,-39.29,3.7,71.4,0.55,0.5195,0.6079,63,0.892852350494252,Gore,G.W. Bush,1
257,2001,Kansas,90.2,17,31,16,11,19,58234,,,,,1.55,11.3,-21.05,4.5,71.75,,,,,,,,
258,2002,Kansas,90.2,17,31,16,11,19,59096,,,,,2.38,12.1,-31.53,5.5,72.1,,,,,,,,
259,2003,Kansas,90.2,17,31,16,11,19,53423,,,,,1.88,10.8,50.01,5.7,72.45,,,,,,,,
260,2004,Kansas,90.2,17,31,16,11,19,52882,332.7,355,0,0,3.26,10.5,8.59,6,72.625,0.51,0.5264,0.5162,67,0.866794299085301,Kerry,G.W. Bush,1
261,2005,Kansas,90.2,17,31,16,11,19,55517,,,,,3.42,11.7,1.37,5.8,72.8,,,,,,,,
262,2006,Kansas,90.2,17,31,16,11,19,57477,,,,,2.54,12.4,9.52,4.9,72.975,,,,,,,,
263,2007,Kansas,90.2,17,31,16,11,19,54643,,,,,4.08,11.2,9.81,4.6,73.15,,,,,,,,
264,2008,Kansas,90.2,17,31,16,11,19,51215,760.4,239.7,0,0,0.09,11.3,-40.54,4.6,73.5,0.49,0.4644,0.2397,65,0.951426623416872,Obama,McCain,1
265,2009,Kansas,90.2,17,31,16,11,19,51890,,,,,2.72,13.4,43.89,6.2,73.85,,,,,,,,
266,2010,Kansas,90.2,17,31,16,11,19,50406,,,,,1.5,13.6,16.91,7.7,74.2,,,,,,,,
267,2011,Kansas,90.2,17,31,16,11,19,53485,,,,,2.96,13.8,-1.8,7.4,,,,,,,,,
268,2012,Kansas,90.2,17,31,16,11,19,54266,737.1,458.7,70.5,143.3,1.74,14,15.91,6.4,,0.51,0.5563,0.396,75,0.94478476649293,Obama,Romney,1
269,2013,Kansas,90.2,17,31,16,11,19,50403,,,,,1.5,14,38.32,6.1,,,,,,,,,
270,2014,Kansas,90.2,17,31,16,11,19,55393,,,,,0.76,13.6,13.4,5.1,,,,,,,,,
271,2015,Kansas,90.2,17,31,16,11,19,56768,,,,,0.73,13,5.73,4.7,,,,,,,,,
272,2000,Kentucky,84.2,45,22.3,47,9.2,36,53348,120.3,186.5,0,0,,16.4,-39.29,4.7,55.8,0.55,0.5195,0.6079,39,0.79422552220781,Gore,G.W. Bush,1
273,2001,Kentucky,84.2,45,22.3,47,9.2,36,50231,,,,,1.55,15.4,-21.05,5.2,56.125,,,,,,,,
274,2002,Kentucky,84.2,45,22.3,47,9.2,36,49348,,,,,2.38,15.6,-31.53,6.6,56.45,,,,,,,,
275,2003,Kentucky,84.2,45,22.3,47,9.2,36,46325,,,,,1.88,17.4,50.01,6.7,56.775,,,,,,,,
276,2004,Kentucky,84.2,45,22.3,47,9.2,36,46178,332.7,355,0,0,3.26,17.4,8.59,6.3,56.9375,0.51,0.5264,0.5162,41,0.796915549883004,Kerry,G.W. Bush,1
277,2005,Kentucky,84.2,45,22.3,47,9.2,36,48123,,,,,3.42,16.8,1.37,6.1,57.1,,,,,,,,
278,2006,Kentucky,84.2,45,22.3,47,9.2,36,46757,,,,,2.54,17,9.52,6.5,57.2625,,,,,,,,
279,2007,Kentucky,84.2,45,22.3,47,9.2,36,46963,,,,,4.08,17.3,9.81,6.3,57.425,,,,,,,,
280,2008,Kentucky,84.2,45,22.3,47,9.2,36,48863,760.4,239.7,0,0,0.09,17.3,-40.54,5.9,57.75,0.49,0.4644,0.2397,42,0.782525154438958,Obama,McCain,1
281,2009,Kentucky,84.2,45,22.3,47,9.2,36,46313,,,,,2.72,18.6,43.89,10,58.075,,,,,,,,
282,2010,Kentucky,84.2,45,22.3,47,9.2,36,43534,,,,,1.5,19,16.91,11.5,58.4,,,,,,,,
283,2011,Kentucky,84.2,45,22.3,47,9.2,36,43947,,,,,2.96,19.1,-1.8,10.7,,,,,,,,,
284,2012,Kentucky,84.2,45,22.3,47,9.2,36,44435,737.1,458.7,70.5,143.3,1.74,19.4,15.91,9,,0.51,0.5563,0.396,46,0.790560043192059,Obama,Romney,1
285,2013,Kentucky,84.2,45,22.3,47,9.2,36,47303,,,,,1.5,18,38.32,8.9,,,,,,,,,
286,2014,Kentucky,84.2,45,22.3,47,9.2,36,44346,,,,,0.76,19.1,13.4,8.1,,,,,,,,,
287,2015,Kentucky,84.2,45,22.3,47,9.2,36,43857,,,,,0.73,18.5,5.73,6.1,,,,,,,,,
288,2000,Louisiana,83.4,47,22.5,46,7.7,46,46249,120.3,186.5,0,0,,20,-39.29,5.5,72.6,0.55,0.5195,0.6079,31,0.909759806771928,Gore,G.W. Bush,1
289,2001,Louisiana,83.4,47,22.5,46,7.7,46,46468,,,,,1.55,19.1,-21.05,6.4,72.675,,,,,,,,
290,2002,Louisiana,83.4,47,22.5,46,7.7,46,44767,,,,,2.38,18.8,-31.53,6.9,72.75,,,,,,,,
291,2003,Louisiana,83.4,47,22.5,46,7.7,46,47391,,,,,1.88,20.3,50.01,6.9,72.825,,,,,,,,
292,2004,Louisiana,83.4,47,22.5,46,7.7,46,46853,332.7,355,0,0,3.26,19.4,8.59,6.6,72.8625,0.51,0.5264,0.5162,36,0.950989151244416,Kerry,G.W. Bush,1
293,2005,Louisiana,83.4,47,22.5,46,7.7,46,44471,,,,,3.42,19.8,1.37,6.3,72.9,,,,,,,,
294,2006,Louisiana,83.4,47,22.5,46,7.7,46,48963,,,,,2.54,19,9.52,6.1,72.9375,,,,,,,,
295,2007,Louisiana,83.4,47,22.5,46,7.7,46,45154,,,,,4.08,18.6,9.81,4.9,72.975,,,,,,,,
296,2008,Louisiana,83.4,47,22.5,46,7.7,46,52035,760.4,239.7,0,0,0.09,17.3,-40.54,4.8,73.05,0.49,0.4644,0.2397,45,0.962335488936179,Obama,McCain,1
297,2009,Louisiana,83.4,47,22.5,46,7.7,46,44280,,,,,2.72,17.3,43.89,6.7,73.125,,,,,,,,
298,2010,Louisiana,83.4,47,22.5,46,7.7,46,44410,,,,,1.5,18.7,16.91,8.2,73.2,,,,,,,,
299,2011,Louisiana,83.4,47,22.5,46,7.7,46,41806,,,,,2.96,20.4,-1.8,8.8,,,,,,,,,
300,2012,Louisiana,83.4,47,22.5,46,7.7,46,41762,737.1,458.7,70.5,143.3,1.74,19.9,15.91,8,,0.51,0.5563,0.396,57,0.944390223643499,Obama,Romney,1
301,2013,Louisiana,83.4,47,22.5,46,7.7,46,48933,,,,,1.5,19.8,38.32,8,,,,,,,,,
302,2014,Louisiana,83.4,47,22.5,46,7.7,46,43952,,,,,0.76,19.8,13.4,5.9,,,,,,,,,
303,2015,Louisiana,83.4,47,22.5,46,7.7,46,47515,,,,,0.73,19.6,5.73,7.3,,,,,,,,,
304,2000,Maine,91.6,8,29,22,10.3,24,50815,120.3,186.5,0,0,,10.1,-39.29,4.5,40.2,0.55,0.5195,0.6079,46,0.816366238761909,Gore,G.W. Bush,0
305,2001,Maine,91.6,8,29,22,10.3,24,50356,,,,,1.55,10.6,-21.05,4,40.0125,,,,,,,,
306,2002,Maine,91.6,8,29,22,10.3,24,49585,,,,,2.38,11.1,-31.53,5,39.825,,,,,,,,
307,2003,Maine,91.6,8,29,22,10.3,24,53765,,,,,1.88,10.5,50.01,5.6,39.6375,,,,,,,,
308,2004,Maine,91.6,8,29,22,10.3,24,55267,332.7,355,0,0,3.26,12.3,8.59,5.6,39.54375,0.51,0.5264,0.5162,45,0.831503935332908,Kerry,G.W. Bush,0
309,2005,Maine,91.6,8,29,22,10.3,24,55627,,,,,3.42,12.6,1.37,5.6,39.45,,,,,,,,
310,2006,Maine,91.6,8,29,22,10.3,24,56762,,,,,2.54,12.9,9.52,5.3,39.35625,,,,,,,,
311,2007,Maine,91.6,8,29,22,10.3,24,53902,,,,,4.08,12,9.81,5.2,39.2625,,,,,,,,
312,2008,Maine,91.6,8,29,22,10.3,24,54404,760.4,239.7,0,0,0.09,12.3,-40.54,5.7,39.075,0.49,0.4644,0.2397,41,0.795603396624037,Obama,McCain,0
313,2009,Maine,91.6,8,29,22,10.3,24,54005,,,,,2.72,12.3,43.89,8.4,38.8875,,,,,,,,
314,2010,Maine,91.6,8,29,22,10.3,24,54279,,,,,1.5,12.9,16.91,9.2,38.7,,,,,,,,
315,2011,Maine,91.6,8,29,22,10.3,24,52581,,,,,2.96,14.1,-1.8,9.1,,,,,,,,,
316,2012,Maine,91.6,8,29,22,10.3,24,52828,737.1,458.7,70.5,143.3,1.74,14.7,15.91,8.7,,0.51,0.5563,0.396,53,0.78295990198725,Obama,Romney,0
317,2013,Maine,91.6,8,29,22,10.3,24,57925,,,,,1.5,14,38.32,8.2,,,,,,,,,
318,2014,Maine,91.6,8,29,22,10.3,24,53595,,,,,0.76,14.1,13.4,7.1,,,,,,,,,
319,2015,Maine,91.6,8,29,22,10.3,24,52516,,,,,0.73,13.4,5.73,5.9,,,,,,,,,
320,2000,Maryland,89.4,23,37.9,3,17.3,2,74296,120.3,186.5,0,0,,9.3,-39.29,3.7,86.1,0.55,0.5195,0.6079,27,1.02023974594087,Gore,G.W. Bush,0
321,2001,Maryland,89.4,23,37.9,3,17.3,2,77074,,,,,1.55,8.1,-21.05,3.9,86.2375,,,,,,,,
322,2002,Maryland,89.4,23,37.9,3,17.3,2,69894,,,,,2.38,8.1,-31.53,5.1,86.375,,,,,,,,
323,2003,Maryland,89.4,23,37.9,3,17.3,2,74285,,,,,1.88,8.2,50.01,4.7,86.5125,,,,,,,,
324,2004,Maryland,89.4,23,37.9,3,17.3,2,76141,332.7,355,0,0,3.26,8.8,8.59,4.7,86.58125,0.51,0.5264,0.5162,30,1.07523931078494,Kerry,G.W. Bush,0
325,2005,Maryland,89.4,23,37.9,3,17.3,2,77597,,,,,3.42,8.2,1.37,4.6,86.65,,,,,,,,
326,2006,Maryland,89.4,23,37.9,3,17.3,2,77782,,,,,2.54,7.8,9.52,3.9,86.71875,,,,,,,,
327,2007,Maryland,89.4,23,37.9,3,17.3,2,72715,,,,,4.08,8.3,9.81,4,86.7875,,,,,,,,
328,2008,Maryland,89.4,23,37.9,3,17.3,2,73513,760.4,239.7,0,0,0.09,8.1,-40.54,3.6,86.925,0.49,0.4644,0.2397,27,1.09247742815231,Obama,McCain,0
329,2009,Maryland,89.4,23,37.9,3,17.3,2,72336,,,,,2.72,9.1,43.89,6.5,87.0625,,,,,,,,
330,2010,Maryland,89.4,23,37.9,3,17.3,2,75232,,,,,1.5,9.9,16.91,8.1,87.2,,,,,,,,
331,2011,Maryland,89.4,23,37.9,3,17.3,2,76838,,,,,2.96,10.1,-1.8,7.8,,,,,,,,,
332,2012,Maryland,89.4,23,37.9,3,17.3,2,68787,737.1,458.7,70.5,143.3,1.74,10.3,15.91,7.4,,0.51,0.5563,0.396,29,1.12149843221131,Obama,Romney,0
333,2013,Maryland,89.4,23,37.9,3,17.3,2,73099,,,,,1.5,10.1,38.32,7.3,,,,,,,,,
334,2014,Maryland,89.4,23,37.9,3,17.3,2,78942,,,,,0.76,10.1,13.4,6.4,,,,,,,,,
335,2015,Maryland,89.4,23,37.9,3,17.3,2,76146,,,,,0.73,9.7,5.73,5.9,,,,,,,,,
336,2000,Massachusetts,89.8,19,40.5,1,17.7,1,72523,120.3,186.5,0,0,,9.6,-39.29,3.6,91.4,0.55,0.5195,0.6079,18,1.22413561747998,Gore,G.W. Bush,0
337,2001,Massachusetts,89.8,19,40.5,1,17.7,1,68121,,,,,1.55,8.7,-21.05,3.7,91.475,,,,,,,,
338,2002,Massachusetts,89.8,19,40.5,1,17.7,1,68078,,,,,2.38,8.9,-31.53,5.5,91.55,,,,,,,,
339,2003,Massachusetts,89.8,19,40.5,1,17.7,1,67672,,,,,1.88,9.4,50.01,6.3,91.625,,,,,,,,
340,2004,Massachusetts,89.8,19,40.5,1,17.7,1,70485,332.7,355,0,0,3.26,9.2,8.59,6.2,91.6625,0.51,0.5264,0.5162,15,1.22737715379706,Kerry,G.W. Bush,0
341,2005,Massachusetts,89.8,19,40.5,1,17.7,1,67435,,,,,3.42,10.3,1.37,5.6,91.7,,,,,,,,
342,2006,Massachusetts,89.8,19,40.5,1,17.7,1,69288,,,,,2.54,9.9,9.52,5.5,91.7375,,,,,,,,
343,2007,Massachusetts,89.8,19,40.5,1,17.7,1,68845,,,,,4.08,9.9,9.81,5.6,91.775,,,,,,,,
344,2008,Massachusetts,89.8,19,40.5,1,17.7,1,68000,760.4,239.7,0,0,0.09,10,-40.54,5.4,91.85,0.49,0.4644,0.2397,12,1.25458151691081,Obama,McCain,0
345,2009,Massachusetts,89.8,19,40.5,1,17.7,1,68655,,,,,2.72,10.3,43.89,7.9,91.925,,,,,,,,
346,2010,Massachusetts,89.8,19,40.5,1,17.7,1,69156,,,,,1.5,11.4,16.91,9.6,92,,,,,,,,
347,2011,Massachusetts,89.8,19,40.5,1,17.7,1,68088,,,,,2.96,11.6,-1.8,8.5,,,,,,,,,
348,2012,Massachusetts,89.8,19,40.5,1,17.7,1,66364,737.1,458.7,70.5,143.3,1.74,11.9,15.91,7.4,,0.51,0.5563,0.396,18,1.29696617314201,Obama,Romney,0
349,2013,Massachusetts,89.8,19,40.5,1,17.7,1,65906,,,,,1.5,11.9,38.32,7.6,,,,,,,,,
350,2014,Massachusetts,89.8,19,40.5,1,17.7,1,65454,,,,,0.76,11.6,13.4,6.7,,,,,,,,,
351,2015,Massachusetts,89.8,19,40.5,1,17.7,1,70214,,,,,0.73,11.5,5.73,5.8,,,,,,,,,
352,2000,Michigan,89.6,21,26.9,34,10.5,21,62522,120.3,186.5,0,0,,10.1,-39.29,3.8,74.7,0.55,0.5195,0.6079,55,0.944335107572572,Gore,G.W. Bush,0
353,2001,Michigan,89.6,21,26.9,34,10.5,21,58365,,,,,1.55,10.6,-21.05,5.3,74.6875,,,,,,,,
354,2002,Michigan,89.6,21,26.9,34,10.5,21,60152,,,,,2.38,11,-31.53,7.2,74.675,,,,,,,,
355,2003,Michigan,89.6,21,26.9,34,10.5,21,54971,,,,,1.88,11.4,50.01,7.3,74.6625,,,,,,,,
356,2004,Michigan,89.6,21,26.9,34,10.5,21,57796,332.7,355,0,0,3.26,12.3,8.59,7.5,74.65625,0.51,0.5264,0.5162,57,0.901595405232929,Kerry,G.W. Bush,0
357,2005,Michigan,89.6,21,26.9,34,10.5,21,59290,,,,,3.42,13.2,1.37,7.5,74.65,,,,,,,,
358,2006,Michigan,89.6,21,26.9,34,10.5,21,58511,,,,,2.54,13.5,9.52,7.2,74.64375,,,,,,,,
359,2007,Michigan,89.6,21,26.9,34,10.5,21,56824,,,,,4.08,14,9.81,7.7,74.6375,,,,,,,,
360,2008,Michigan,89.6,21,26.9,34,10.5,21,52677,760.4,239.7,0,0,0.09,14.4,-40.54,7.7,74.625,0.49,0.4644,0.2397,49,0.823598685977562,Obama,McCain,0
361,2009,Michigan,89.6,21,26.9,34,10.5,21,52140,,,,,2.72,16.2,43.89,12.1,74.6125,,,,,,,,
362,2010,Michigan,89.6,21,26.9,34,10.5,21,53390,,,,,1.5,16.8,16.91,14.4,74.6,,,,,,,,
363,2011,Michigan,89.6,21,26.9,34,10.5,21,53498,,,,,2.96,17.5,-1.8,11.5,,,,,,,,,
364,2012,Michigan,89.6,21,26.9,34,10.5,21,51437,737.1,458.7,70.5,143.3,1.74,17.4,15.91,9.7,,0.51,0.5563,0.396,59,0.84025167680711,Obama,Romney,0
365,2013,Michigan,89.6,21,26.9,34,10.5,21,59622,,,,,1.5,17,38.32,10,,,,,,,,,
366,2014,Michigan,89.6,21,26.9,34,10.5,21,53901,,,,,0.76,16.2,13.4,8.4,,,,,,,,,
367,2015,Michigan,89.6,21,26.9,34,10.5,21,56083,,,,,0.73,15.8,5.73,6.7,,,,,,,,,
368,2000,Minnesota,92.4,2,33.7,10,11.2,17,73117,120.3,186.5,0,0,,6.9,-39.29,3.9,70.9,0.55,0.5195,0.6079,48,1.06402916312564,Gore,G.W. Bush,0
369,2001,Minnesota,92.4,2,33.7,10,11.2,17,74635,,,,,1.55,7.8,-21.05,4.1,71.2,,,,,,,,
370,2002,Minnesota,92.4,2,33.7,10,11.2,17,70574,,,,,2.38,8.5,-31.53,5.4,71.5,,,,,,,,
371,2003,Minnesota,92.4,2,33.7,10,11.2,17,72986,,,,,1.88,7.8,50.01,5.5,71.8,,,,,,,,
372,2004,Minnesota,92.4,2,33.7,10,11.2,17,68218,332.7,355,0,0,3.26,8.3,8.59,5.9,71.95,0.51,0.5264,0.5162,56,1.09032120825356,Kerry,G.W. Bush,0
373,2005,Minnesota,92.4,2,33.7,10,11.2,17,68508,,,,,3.42,9.2,1.37,5.1,72.1,,,,,,,,
374,2006,Minnesota,92.4,2,33.7,10,11.2,17,68808,,,,,2.54,9.8,9.52,5,72.25,,,,,,,,
375,2007,Minnesota,92.4,2,33.7,10,11.2,17,62687,,,,,4.08,9.5,9.81,5.4,72.4,,,,,,,,
376,2008,Minnesota,92.4,2,33.7,10,11.2,17,64240,760.4,239.7,0,0,0.09,9.6,-40.54,5.5,72.7,0.49,0.4644,0.2397,35,1.05853184851553,Obama,McCain,0
377,2009,Minnesota,92.4,2,33.7,10,11.2,17,58951,,,,,2.72,11,43.89,7.9,73,,,,,,,,
378,2010,Minnesota,92.4,2,33.7,10,11.2,17,63156,,,,,1.5,11.6,16.91,8.5,73.3,,,,,,,,
379,2011,Minnesota,92.4,2,33.7,10,11.2,17,66098,,,,,2.96,11.9,-1.8,7.7,,,,,,,,,
380,2012,Minnesota,92.4,2,33.7,10,11.2,17,64197,737.1,458.7,70.5,143.3,1.74,11.4,15.91,6.6,,0.51,0.5563,0.396,55,1.06466349648026,Obama,Romney,0
381,2013,Minnesota,92.4,2,33.7,10,11.2,17,67798,,,,,1.5,11.2,38.32,6.4,,,,,,,,,
382,2014,Minnesota,92.4,2,33.7,10,11.2,17,69696,,,,,0.76,11.5,13.4,5.5,,,,,,,,,
383,2015,Minnesota,92.4,2,33.7,10,11.2,17,71114,,,,,0.73,10.2,5.73,4.6,,,,,,,,,
384,2000,Mississippi,82.3,48,20.7,49,7.7,46,41861,120.3,186.5,0,0,,18.2,-39.29,6.1,48.8,0.55,0.5195,0.6079,29,0.652278928299861,Gore,G.W. Bush,1
385,2001,Mississippi,82.3,48,20.7,49,7.7,46,42197,,,,,1.55,18.6,-21.05,5.5,48.8625,,,,,,,,
386,2002,Mississippi,82.3,48,20.7,49,7.7,46,43726,,,,,2.38,19.9,-31.53,7.4,48.925,,,,,,,,
387,2003,Mississippi,82.3,48,20.7,49,7.7,46,45213,,,,,1.88,19.9,50.01,7.3,48.9875,,,,,,,,
388,2004,Mississippi,82.3,48,20.7,49,7.7,46,41366,332.7,355,0,0,3.26,21.6,8.59,6.3,49.01875,0.51,0.5264,0.5162,40,0.648989576685811,Kerry,G.W. Bush,1
389,2005,Mississippi,82.3,48,20.7,49,7.7,46,42332,,,,,3.42,21.3,1.37,7.3,49.05,,,,,,,,
390,2006,Mississippi,82.3,48,20.7,49,7.7,46,44182,,,,,2.54,21.1,9.52,8,49.08125,,,,,,,,
391,2007,Mississippi,82.3,48,20.7,49,7.7,46,41597,,,,,4.08,20.6,9.81,6.9,49.1125,,,,,,,,
392,2008,Mississippi,82.3,48,20.7,49,7.7,46,40175,760.4,239.7,0,0,0.09,21.2,-40.54,6.5,49.175,0.49,0.4644,0.2397,41,0.684448668415942,Obama,McCain,1
393,2009,Mississippi,82.3,48,20.7,49,7.7,46,42996,,,,,2.72,21.9,43.89,8.7,49.2375,,,,,,,,
394,2010,Mississippi,82.3,48,20.7,49,7.7,46,44882,,,,,1.5,22.4,16.91,11.7,49.3,,,,,,,,
395,2011,Mississippi,82.3,48,20.7,49,7.7,46,39192,,,,,2.96,22.6,-1.8,10.5,,,,,,,,,
396,2012,Mississippi,82.3,48,20.7,49,7.7,46,43056,737.1,458.7,70.5,143.3,1.74,24.2,15.91,10,,0.51,0.5563,0.396,55,0.659904063791349,Obama,Romney,1
397,2013,Mississippi,82.3,48,20.7,49,7.7,46,34085,,,,,1.5,24,38.32,10,,,,,,,,,
398,2014,Mississippi,82.3,48,20.7,49,7.7,46,36816,,,,,0.76,21.5,13.4,8.9,,,,,,,,,
399,2015,Mississippi,82.3,48,20.7,49,7.7,46,41426,,,,,0.73,22,5.73,7.5,,,,,,,,,
400,2000,Missouri,88.4,27,27.1,32,10.2,25,57376,120.3,186.5,0,0,,11.2,-39.29,3.5,69.4,0.55,0.5195,0.6079,47,0.937513977725097,Gore,G.W. Bush,1
401,2001,Missouri,88.4,27,27.1,32,10.2,25,58449,,,,,1.55,11.7,-21.05,5,69.525,,,,,,,,
402,2002,Missouri,88.4,27,27.1,32,10.2,25,58468,,,,,2.38,11.9,-31.53,5.9,69.65,,,,,,,,
403,2003,Missouri,88.4,27,27.1,32,10.2,25,54816,,,,,1.88,11.7,50.01,5.9,69.775,,,,,,,,
404,2004,Missouri,88.4,27,27.1,32,10.2,25,54088,332.7,355,0,0,3.26,11.8,8.59,5.9,69.8375,0.51,0.5264,0.5162,56,0.907104871303978,Kerry,G.W. Bush,1
405,2005,Missouri,88.4,27,27.1,32,10.2,25,54332,,,,,3.42,13.3,1.37,6.3,69.9,,,,,,,,
406,2006,Missouri,88.4,27,27.1,32,10.2,25,54523,,,,,2.54,13.6,9.52,5.2,69.9625,,,,,,,,
407,2007,Missouri,88.4,27,27.1,32,10.2,25,52544,,,,,4.08,13,9.81,5.4,70.025,,,,,,,,
408,2008,Missouri,88.4,27,27.1,32,10.2,25,55855,760.4,239.7,0,0,0.09,13.4,-40.54,5.8,70.15,0.49,0.4644,0.2397,57,0.890849362616475,Obama,McCain,1
409,2009,Missouri,88.4,27,27.1,32,10.2,25,51623,,,,,2.72,14.6,43.89,8.9,70.275,,,,,,,,
410,2010,Missouri,88.4,27,27.1,32,10.2,25,49998,,,,,1.5,15.3,16.91,10.3,70.4,,,,,,,,
411,2011,Missouri,88.4,27,27.1,32,10.2,25,53229,,,,,2.96,15.8,-1.8,9.8,,,,,,,,,
412,2012,Missouri,88.4,27,27.1,32,10.2,25,53029,737.1,458.7,70.5,143.3,1.74,16.2,15.91,7.6,,0.51,0.5563,0.396,67,0.870589945386963,Obama,Romney,1
413,2013,Missouri,88.4,27,27.1,32,10.2,25,48804,,,,,1.5,15.9,38.32,7.7,,,,,,,,,
414,2014,Missouri,88.4,27,27.1,32,10.2,25,58695,,,,,0.76,15.5,13.4,7.1,,,,,,,,,
415,2015,Missouri,88.4,27,27.1,32,10.2,25,61249,,,,,0.73,14.8,5.73,6,,,,,,,,,
416,2000,Montana,85.5,39,24.9,41,9,37,44589,120.3,186.5,0,0,,13.4,-39.29,6.3,54.1,0.55,0.5195,0.6079,61,0.713400724605269,Gore,G.W. Bush,1
417,2001,Montana,85.5,39,24.9,41,9,37,47598,,,,,1.55,14.6,-21.05,5.8,54.325,,,,,,,,
418,2002,Montana,85.5,39,24.9,41,9,37,45570,,,,,2.38,14.6,-31.53,5.5,54.55,,,,,,,,
419,2003,Montana,85.5,39,24.9,41,9,37,44173,,,,,1.88,14.2,50.01,5.6,54.775,,,,,,,,
420,2004,Montana,85.5,39,24.9,41,9,37,46950,332.7,355,0,0,3.26,14.2,8.59,6,54.8875,0.51,0.5264,0.5162,55,0.741757072963199,Kerry,G.W. Bush,1
421,2005,Montana,85.5,39,24.9,41,9,37,50098,,,,,3.42,14.4,1.37,5.7,55,,,,,,,,
422,2006,Montana,85.5,39,24.9,41,9,37,51738,,,,,2.54,13.6,9.52,4.8,55.1125,,,,,,,,
423,2007,Montana,85.5,39,24.9,41,9,37,48963,,,,,4.08,14.1,9.81,3.9,55.225,,,,,,,,
424,2008,Montana,85.5,39,24.9,41,9,37,46313,760.4,239.7,0,0,0.09,14.8,-40.54,5.2,55.45,0.49,0.4644,0.2397,49,0.777587239933059,Obama,McCain,1
425,2009,Montana,85.5,39,24.9,41,9,37,46511,,,,,2.72,15.1,43.89,7.7,55.675,,,,,,,,
426,2010,Montana,85.5,39,24.9,41,9,37,43994,,,,,1.5,14.6,16.91,8.4,55.9,,,,,,,,
427,2011,Montana,85.5,39,24.9,41,9,37,48227,,,,,2.96,14.8,-1.8,8.6,,,,,,,,,
428,2012,Montana,85.5,39,24.9,41,9,37,46516,737.1,458.7,70.5,143.3,1.74,15.5,15.91,7.4,,0.51,0.5563,0.396,64,0.800278256535914,Obama,Romney,1
429,2013,Montana,85.5,39,24.9,41,9,37,45534,,,,,1.5,16.5,38.32,6.7,,,,,,,,,
430,2014,Montana,85.5,39,24.9,41,9,37,52965,,,,,0.76,15.4,13.4,6,,,,,,,,,
431,2015,Montana,85.5,39,24.9,41,9,37,53177,,,,,0.73,14.6,5.73,5.3,,,,,,,,,
432,2000,Nebraska,90.7,14,29.3,21,9.7,30,60529,120.3,186.5,0,0,,9.6,-39.29,3.2,69.8,0.55,0.5195,0.6079,,0.933958044460348,Gore,G.W. Bush,1
433,2001,Nebraska,90.7,14,29.3,21,9.7,30,58476,,,,,1.55,10.3,-21.05,3.4,70.2125,,,,,,,,
434,2002,Nebraska,90.7,14,29.3,21,9.7,30,58751,,,,,2.38,11,-31.53,4.1,70.625,,,,,,,,
435,2003,Nebraska,90.7,14,29.3,21,9.7,30,56961,,,,,1.88,10.8,50.01,4.4,71.0375,,,,,,,,
436,2004,Nebraska,90.7,14,29.3,21,9.7,30,60300,332.7,355,0,0,3.26,11,8.59,4.5,71.24375,0.51,0.5264,0.5162,,0.967623909806424,Kerry,G.W. Bush,1
437,2005,Nebraska,90.7,14,29.3,21,9.7,30,58678,,,,,3.42,10.9,1.37,4.6,71.45,,,,,,,,
438,2006,Nebraska,90.7,14,29.3,21,9.7,30,58279,,,,,2.54,11.5,9.52,3.7,71.65625,,,,,,,,
439,2007,Nebraska,90.7,14,29.3,21,9.7,30,57897,,,,,4.08,11.2,9.81,3.4,71.8625,,,,,,,,
440,2008,Nebraska,90.7,14,29.3,21,9.7,30,56801,760.4,239.7,0,0,0.09,10.8,-40.54,3.5,72.275,0.49,0.4644,0.2397,,0.986963079275222,Obama,McCain,1
441,2009,Nebraska,90.7,14,29.3,21,9.7,30,59157,,,,,2.72,12.3,43.89,4.7,72.6875,,,,,,,,
442,2010,Nebraska,90.7,14,29.3,21,9.7,30,60748,,,,,1.5,12.9,16.91,5.4,73.1,,,,,,,,
443,2011,Nebraska,90.7,14,29.3,21,9.7,30,55830,,,,,2.96,13.1,-1.8,5.1,,,,,,,,,
444,2012,Nebraska,90.7,14,29.3,21,9.7,30,56679,737.1,458.7,70.5,143.3,1.74,13,15.91,4.5,,0.51,0.5563,0.396,,1.05122827418651,Obama,Romney,1
445,2013,Nebraska,90.7,14,29.3,21,9.7,30,60735,,,,,1.5,13.2,38.32,4.5,,,,,,,,,
446,2014,Nebraska,90.7,14,29.3,21,9.7,30,58944,,,,,0.76,12.4,13.4,4,,,,,,,,,
447,2015,Nebraska,90.7,14,29.3,21,9.7,30,62571,,,,,0.73,12.6,5.73,3.4,,,,,,,,,
448,2000,Nevada,85.1,41,23,45,7.9,45,63016,120.3,186.5,0,0,,9.9,-39.29,4.5,91.5,0.55,0.5195,0.6079,41,1.10942881424162,Gore,G.W. Bush,1
449,2001,Nevada,85.1,41,23,45,7.9,45,61430,,,,,1.55,9.7,-21.05,5.1,91.8375,,,,,,,,
450,2002,Nevada,85.1,41,23,45,7.9,45,60368,,,,,2.38,11.8,-31.53,6.7,92.175,,,,,,,,
451,2003,Nevada,85.1,41,23,45,7.9,45,61408,,,,,1.88,11.5,50.01,5.8,92.5125,,,,,,,,
452,2004,Nevada,85.1,41,23,45,7.9,45,60660,332.7,355,0,0,3.26,12.6,8.59,5.1,92.68125,0.51,0.5264,0.5162,51,1.11274196979366,Kerry,G.W. Bush,1
453,2005,Nevada,85.1,41,23,45,7.9,45,63720,,,,,3.42,11.1,1.37,4.6,92.85,,,,,,,,
454,2006,Nevada,85.1,41,23,45,7.9,45,64067,,,,,2.54,10.3,9.52,4.3,93.01875,,,,,,,,
455,2007,Nevada,85.1,41,23,45,7.9,45,62481,,,,,4.08,10.7,9.81,4.6,93.1875,,,,,,,,
456,2008,Nevada,85.1,41,23,45,7.9,45,58908,760.4,239.7,0,0,0.09,11.3,-40.54,5.6,93.525,0.49,0.4644,0.2397,41,1.01828474618293,Obama,McCain,0
457,2009,Nevada,85.1,41,23,45,7.9,45,57688,,,,,2.72,12.4,43.89,10,93.8625,,,,,,,,
458,2010,Nevada,85.1,41,23,45,7.9,45,51384,,,,,1.5,14.9,16.91,13.5,94.2,,,,,,,,
459,2011,Nevada,85.1,41,23,45,7.9,45,50629,,,,,2.96,15.9,-1.8,13.9,,,,,,,,,
460,2012,Nevada,85.1,41,23,45,7.9,45,47820,737.1,458.7,70.5,143.3,1.74,16.4,15.91,12.3,,0.51,0.5563,0.396,41,0.900076832028573,Obama,Romney,0
461,2013,Nevada,85.1,41,23,45,7.9,45,54646,,,,,1.5,15.8,38.32,10.9,,,,,,,,,
462,2014,Nevada,85.1,41,23,45,7.9,45,51694,,,,,0.76,15.2,13.4,9,,,,,,,,,
463,2015,Nevada,85.1,41,23,45,7.9,45,53812,,,,,0.73,14.7,5.73,7.6,,,,,,,,,
464,2000,New Hampshire,92.3,3,34.9,8,13,9,71244,120.3,186.5,0,0,,5.3,-39.29,3.2,59.3,0.55,0.5195,0.6079,61,0.994319452520463,Gore,G.W. Bush,1
465,2001,New Hampshire,92.3,3,34.9,8,13,9,75590,,,,,1.55,6,-21.05,3.2,59.425,,,,,,,,
466,2002,New Hampshire,92.3,3,34.9,8,13,9,74240,,,,,2.38,6.4,-31.53,4.9,59.55,,,,,,,,
467,2003,New Hampshire,92.3,3,34.9,8,13,9,73911,,,,,1.88,7.7,50.01,5,59.675,,,,,,,,
468,2004,New Hampshire,92.3,3,34.9,8,13,9,71702,332.7,355,0,0,3.26,7.6,8.59,4.7,59.7375,0.51,0.5264,0.5162,71,1.00982769623484,Kerry,G.W. Bush,0
469,2005,New Hampshire,92.3,3,34.9,8,13,9,75527,,,,,3.42,7.5,1.37,4.1,59.8,,,,,,,,
470,2006,New Hampshire,92.3,3,34.9,8,13,9,80088,,,,,2.54,8,9.52,3.9,59.8625,,,,,,,,
471,2007,New Hampshire,92.3,3,34.9,8,13,9,75528,,,,,4.08,7.1,9.81,4.2,59.925,,,,,,,,
472,2008,New Hampshire,92.3,3,34.9,8,13,9,73450,760.4,239.7,0,0,0.09,7.6,-40.54,4.1,60.05,0.49,0.4644,0.2397,40,0.988450651846036,Obama,McCain,0
473,2009,New Hampshire,92.3,3,34.9,8,13,9,75077,,,,,2.72,8.5,43.89,5.9,60.175,,,,,,,,
474,2010,New Hampshire,92.3,3,34.9,8,13,9,71960,,,,,1.5,8.3,16.91,7,60.3,,,,,,,,
475,2011,New Hampshire,92.3,3,34.9,8,13,9,72541,,,,,2.96,8.8,-1.8,6,,,,,,,,,
476,2012,New Hampshire,92.3,3,34.9,8,13,9,75174,737.1,458.7,70.5,143.3,1.74,10,15.91,6,,0.51,0.5563,0.396,74,1.01011275619328,Obama,Romney,0
477,2013,New Hampshire,92.3,3,34.9,8,13,9,72831,,,,,1.5,8.7,38.32,6.1,,,,,,,,,
478,2014,New Hampshire,92.3,3,34.9,8,13,9,76073,,,,,0.76,9.2,13.4,5.2,,,,,,,,,
479,2015,New Hampshire,92.3,3,34.9,8,13,9,78299,,,,,0.73,8.2,5.73,4.3,,,,,,,,,
480,2000,New Jersey,88.6,26,36.8,5,14,7,71854,120.3,186.5,0,0,,7.9,-39.29,4.2,94.4,0.55,0.5195,0.6079,58,1.20098850471888,Gore,G.W. Bush,0
481,2001,New Jersey,88.6,26,36.8,5,14,7,74561,,,,,1.55,7.9,-21.05,4.2,94.4375,,,,,,,,
482,2002,New Jersey,88.6,26,36.8,5,14,7,74879,,,,,2.38,7.5,-31.53,6,94.475,,,,,,,,
483,2003,New Jersey,88.6,26,36.8,5,14,7,71907,,,,,1.88,8.4,50.01,6.4,94.5125,,,,,,,,
484,2004,New Jersey,88.6,26,36.8,5,14,7,79735,332.7,355,0,0,3.26,8.5,8.59,5.9,94.53125,0.51,0.5264,0.5162,43,1.19678791746437,Kerry,G.W. Bush,0
485,2005,New Jersey,88.6,26,36.8,5,14,7,82948,,,,,3.42,8.7,1.37,4.7,94.55,,,,,,,,
486,2006,New Jersey,88.6,26,36.8,5,14,7,71712,,,,,2.54,8.7,9.52,5.2,94.56875,,,,,,,,
487,2007,New Jersey,88.6,26,36.8,5,14,7,74535,,,,,4.08,8.6,9.81,4.8,94.5875,,,,,,,,
488,2008,New Jersey,88.6,26,36.8,5,14,7,74189,760.4,239.7,0,0,0.09,8.7,-40.54,5.1,94.625,0.49,0.4644,0.2397,41,1.19385963099936,Obama,McCain,0
489,2009,New Jersey,88.6,26,36.8,5,14,7,70947,,,,,2.72,9.4,43.89,8,94.6625,,,,,,,,
490,2010,New Jersey,88.6,26,36.8,5,14,7,68091,,,,,1.5,10.3,16.91,10.3,94.7,,,,,,,,
491,2011,New Jersey,88.6,26,36.8,5,14,7,71336,,,,,2.96,10.4,-1.8,10,,,,,,,,,
492,2012,New Jersey,88.6,26,36.8,5,14,7,65119,737.1,458.7,70.5,143.3,1.74,10.8,15.91,9.6,,0.51,0.5563,0.396,38,1.14521253400336,Obama,Romney,0
493,2013,New Jersey,88.6,26,36.8,5,14,7,67198,,,,,1.5,11.4,38.32,9.7,,,,,,,,,
494,2014,New Jersey,88.6,26,36.8,5,14,7,67622,,,,,0.76,11.1,13.4,7.5,,,,,,,,,
495,2015,New Jersey,88.6,26,36.8,5,14,7,70728,,,,,0.73,10.8,5.73,7,,,,,,,,,
496,2000,New Mexico,84.2,45,26.3,36,11.5,15,45974,120.3,186.5,0,0,,18,-39.29,5.4,75,0.55,0.5195,0.6079,42,0.844768976159592,Gore,G.W. Bush,0
497,2001,New Mexico,84.2,45,26.3,36,11.5,15,48448,,,,,1.55,17.7,-21.05,5.3,75.3,,,,,,,,
498,2002,New Mexico,84.2,45,26.3,36,11.5,15,46902,,,,,2.38,18.9,-31.53,5.6,75.6,,,,,,,,
499,2003,New Mexico,84.2,45,26.3,36,11.5,15,51466,,,,,1.88,18.6,50.01,6,75.9,,,,,,,,
500,2004,New Mexico,84.2,45,26.3,36,11.5,15,49006,332.7,355,0,0,3.26,19.3,8.59,6.1,76.05,0.51,0.5264,0.5162,40,0.884024675600936,Kerry,G.W. Bush,1
501,2005,New Mexico,84.2,45,26.3,36,11.5,15,48785,,,,,3.42,18.5,1.37,5.7,76.2,,,,,,,,
502,2006,New Mexico,84.2,45,26.3,36,11.5,15,52569,,,,,2.54,18.5,9.52,4.4,76.35,,,,,,,,
503,2007,New Mexico,84.2,45,26.3,36,11.5,15,48052,,,,,4.08,18.1,9.81,4,76.5,,,,,,,,
504,2008,New Mexico,84.2,45,26.3,36,11.5,15,49869,760.4,239.7,0,0,0.09,17.1,-40.54,4.1,76.8,0.49,0.4644,0.2397,41,0.851366707299436,Obama,McCain,0
505,2009,New Mexico,84.2,45,26.3,36,11.5,15,50853,,,,,2.72,18,43.89,6.5,77.1,,,,,,,,
506,2010,New Mexico,84.2,45,26.3,36,11.5,15,45856,,,,,1.5,20.4,16.91,8.1,77.4,,,,,,,,
507,2011,New Mexico,84.2,45,26.3,36,11.5,15,46448,,,,,2.96,21.5,-1.8,7.9,,,,,,,,,
508,2012,New Mexico,84.2,45,26.3,36,11.5,15,44402,737.1,458.7,70.5,143.3,1.74,20.8,15.91,7.7,,0.51,0.5563,0.396,43,0.832173931100359,Obama,Romney,0
509,2013,New Mexico,84.2,45,26.3,36,11.5,15,42336,,,,,1.5,21.9,38.32,7.3,,,,,,,,,
510,2014,New Mexico,84.2,45,26.3,36,11.5,15,48388,,,,,0.76,21.3,13.4,7.1,,,,,,,,,
511,2015,New Mexico,84.2,45,26.3,36,11.5,15,46684,,,,,0.73,20.4,5.73,6.7,,,,,,,,,
512,2000,New York,85.6,37,34.2,9,14.8,5,58451,120.3,186.5,0,0,,13.1,-39.29,5.3,87.5,0.55,0.5195,0.6079,41,1.20380641409849,Gore,G.W. Bush,0
513,2001,New York,85.6,37,34.2,9,14.8,5,57342,,,,,1.55,13.4,-21.05,4.8,87.55,,,,,,,,
514,2002,New York,85.6,37,34.2,9,14.8,5,57167,,,,,2.38,13.1,-31.53,6.8,87.6,,,,,,,,
515,2003,New York,85.6,37,34.2,9,14.8,5,58084,,,,,1.88,13.5,50.01,7,87.65,,,,,,,,
516,2004,New York,85.6,37,34.2,9,14.8,5,59361,332.7,355,0,0,3.26,14.2,8.59,7.1,87.675,0.51,0.5264,0.5162,40,1.19674537332482,Kerry,G.W. Bush,0
517,2005,New York,85.6,37,34.2,9,14.8,5,58772,,,,,3.42,13.8,1.37,5.7,87.7,,,,,,,,
518,2006,New York,85.6,37,34.2,9,14.8,5,58007,,,,,2.54,14.2,9.52,5.1,87.725,,,,,,,,
519,2007,New York,85.6,37,34.2,9,14.8,5,57592,,,,,4.08,13.7,9.81,5,87.75,,,,,,,,
520,2008,New York,85.6,37,34.2,9,14.8,5,57513,760.4,239.7,0,0,0.09,13.6,-40.54,5.5,87.8,0.49,0.4644,0.2397,35,1.20931385715171,Obama,McCain,0
521,2009,New York,85.6,37,34.2,9,14.8,5,56089,,,,,2.72,14.2,43.89,7.8,87.85,,,,,,,,
522,2010,New York,85.6,37,34.2,9,14.8,5,55309,,,,,1.5,14.9,16.91,9.6,87.9,,,,,,,,
523,2011,New York,85.6,37,34.2,9,14.8,5,51000,,,,,2.96,16,-1.8,9,,,,,,,,,
524,2012,New York,85.6,37,34.2,9,14.8,5,56751,737.1,458.7,70.5,143.3,1.74,15.9,15.91,9.2,,0.51,0.5563,0.396,39,1.30464937599934,Obama,Romney,0
525,2013,New York,85.6,37,34.2,9,14.8,5,52665,,,,,1.5,16,38.32,9.1,,,,,,,,,
526,2014,New York,85.6,37,34.2,9,14.8,5,56290,,,,,0.76,15.9,13.4,7.4,,,,,,,,,
527,2015,New York,85.6,37,34.2,9,14.8,5,60017,,,,,0.73,15.4,5.73,6.4,,,,,,,,,
528,2000,North Carolina,85.8,36,28.4,25,9.9,28,52966,120.3,186.5,0,0,,13.1,-39.29,3.7,60.2,0.55,0.5195,0.6079,41,0.943619448047591,Gore,G.W. Bush,1
529,2001,North Carolina,85.8,36,28.4,25,9.9,28,49894,,,,,1.55,14.1,-21.05,4.9,60.9375,,,,,,,,
530,2002,North Carolina,85.8,36,28.4,25,9.9,28,49807,,,,,2.38,14.2,-31.53,7.4,61.675,,,,,,,,
531,2003,North Carolina,85.8,36,28.4,25,9.9,28,52346,,,,,1.88,14,50.01,6.9,62.4125,,,,,,,,
532,2004,North Carolina,85.8,36,28.4,25,9.9,28,52918,332.7,355,0,0,3.26,15.2,8.59,6.3,62.78125,0.51,0.5264,0.5162,49,0.93312061263561,Kerry,G.W. Bush,1
533,2005,North Carolina,85.8,36,28.4,25,9.9,28,48503,,,,,3.42,15.1,1.37,5.7,63.15,,,,,,,,
534,2006,North Carolina,85.8,36,28.4,25,9.9,28,51570,,,,,2.54,14.7,9.52,4.8,63.51875,,,,,,,,
535,2007,North Carolina,85.8,36,28.4,25,9.9,28,48997,,,,,4.08,14.3,9.81,5.1,63.8875,,,,,,,,
536,2008,North Carolina,85.8,36,28.4,25,9.9,28,47995,760.4,239.7,0,0,0.09,14.6,-40.54,5.3,64.625,0.49,0.4644,0.2397,42,0.941447490754323,Obama,McCain,0
537,2009,North Carolina,85.8,36,28.4,25,9.9,28,49384,,,,,2.72,16.3,43.89,10.2,65.3625,,,,,,,,
538,2010,North Carolina,85.8,36,28.4,25,9.9,28,49378,,,,,1.5,17.5,16.91,12,66.1,,,,,,,,
539,2011,North Carolina,85.8,36,28.4,25,9.9,28,44446,,,,,2.96,17.9,-1.8,10.9,,,,,,,,,
540,2012,North Carolina,85.8,36,28.4,25,9.9,28,43434,737.1,458.7,70.5,143.3,1.74,18,15.91,10,,0.51,0.5563,0.396,58,0.885748696970326,Obama,Romney,0
541,2013,North Carolina,85.8,36,28.4,25,9.9,28,48840,,,,,1.5,17.9,38.32,9.6,,,,,,,,,
542,2014,North Carolina,85.8,36,28.4,25,9.9,28,48490,,,,,0.76,17.2,13.4,6.9,,,,,,,,,
543,2015,North Carolina,85.8,36,28.4,25,9.9,28,52559,,,,,0.73,16.4,5.73,6.1,,,,,,,,,
544,2000,North Dakota,91.7,7,27.7,28,7.6,48,49678,120.3,186.5,0,0,,11.6,-39.29,4,55.9,0.55,0.5195,0.6079,65,0.784251017578387,Gore,G.W. Bush,1
545,2001,North Dakota,91.7,7,27.7,28,7.6,48,49463,,,,,1.55,12.1,-21.05,3.6,56.4,,,,,,,,
546,2002,North Dakota,91.7,7,27.7,28,7.6,48,53990,,,,,2.38,12.5,-31.53,4.4,56.9,,,,,,,,
547,2003,North Dakota,91.7,7,27.7,28,7.6,48,51021,,,,,1.88,11.7,50.01,4.8,57.4,,,,,,,,
548,2004,North Dakota,91.7,7,27.7,28,7.6,48,53089,332.7,355,0,0,3.26,12.1,8.59,4.4,57.65,0.51,0.5264,0.5162,69,0.852988725803021,Kerry,G.W. Bush,1
549,2005,North Dakota,91.7,7,27.7,28,7.6,48,50027,,,,,3.42,11.2,1.37,4.3,57.9,,,,,,,,
550,2006,North Dakota,91.7,7,27.7,28,7.6,48,55946,,,,,2.54,11.4,9.52,4,58.15,,,,,,,,
551,2007,North Dakota,91.7,7,27.7,28,7.6,48,56645,,,,,4.08,12.1,9.81,3.9,58.4,,,,,,,,
552,2008,North Dakota,91.7,7,27.7,28,7.6,48,57351,760.4,239.7,0,0,0.09,12,-40.54,3.8,58.9,0.49,0.4644,0.2397,62,0.999545463936696,Obama,McCain,1
553,2009,North Dakota,91.7,7,27.7,28,7.6,48,57469,,,,,2.72,11.7,43.89,4.9,59.4,,,,,,,,
554,2010,North Dakota,91.7,7,27.7,28,7.6,48,61562,,,,,1.5,13,16.91,4.8,59.9,,,,,,,,
555,2011,North Dakota,91.7,7,27.7,28,7.6,48,59649,,,,,2.96,12.2,-1.8,4.4,,,,,,,,,
556,2012,North Dakota,91.7,7,27.7,28,7.6,48,55745,737.1,458.7,70.5,143.3,1.74,11.2,15.91,3.9,,0.51,0.5563,0.396,74,1.41387544905206,Obama,Romney,1
557,2013,North Dakota,91.7,7,27.7,28,7.6,48,62347,,,,,1.5,11.8,38.32,3.8,,,,,,,,,
558,2014,North Dakota,91.7,7,27.7,28,7.6,48,62944,,,,,0.76,11.511,13.4,3.5,,,,,,,,,
559,2015,North Dakota,91.7,7,27.7,28,7.6,48,59406,,,,,0.73,11,5.73,3.3,,,,,,,,,
560,2000,Ohio,89.1,25,26.1,37,9.7,30,57995,120.3,186.5,0,0,,11.1,-39.29,4.8,77.4,0.55,0.5195,0.6079,61,0.954466162723085,Gore,G.W. Bush,1
561,2001,Ohio,89.1,25,26.1,37,9.7,30,58323,,,,,1.55,11,-21.05,4.5,77.4625,,,,,,,,
562,2002,Ohio,89.1,25,26.1,37,9.7,30,58145,,,,,2.38,11.9,-31.53,6.4,77.525,,,,,,,,
563,2003,Ohio,89.1,25,26.1,37,9.7,30,56010,,,,,1.88,12.1,50.01,6.8,77.5875,,,,,,,,
564,2004,Ohio,89.1,25,26.1,37,9.7,30,55620,332.7,355,0,0,3.26,12.5,8.59,6.9,77.61875,0.51,0.5264,0.5162,64,0.945203148266326,Kerry,G.W. Bush,1
565,2005,Ohio,89.1,25,26.1,37,9.7,30,55942,,,,,3.42,13,1.37,6.8,77.65,,,,,,,,
566,2006,Ohio,89.1,25,26.1,37,9.7,30,58190,,,,,2.54,13.3,9.52,5.9,77.68125,,,,,,,,
567,2007,Ohio,89.1,25,26.1,37,9.7,30,53567,,,,,4.08,13.1,9.81,6.2,77.7125,,,,,,,,
568,2008,Ohio,89.1,25,26.1,37,9.7,30,52545,760.4,239.7,0,0,0.09,13.4,-40.54,6.2,77.775,0.49,0.4644,0.2397,56,0.899733476581062,Obama,McCain,0
569,2009,Ohio,89.1,25,26.1,37,9.7,30,51701,,,,,2.72,15.2,43.89,9.6,77.8375,,,,,,,,
570,2010,Ohio,89.1,25,26.1,37,9.7,30,48768,,,,,1.5,15.8,16.91,12,77.9,,,,,,,,
571,2011,Ohio,89.1,25,26.1,37,9.7,30,47465,,,,,2.96,16.4,-1.8,10.2,,,,,,,,,
572,2012,Ohio,89.1,25,26.1,37,9.7,30,48904,737.1,458.7,70.5,143.3,1.74,16.3,15.91,8.6,,0.51,0.5563,0.396,62,0.932200926137426,Obama,Romney,0
573,2013,Ohio,89.1,25,26.1,37,9.7,30,53489,,,,,1.5,16,38.32,8.8,,,,,,,,,
574,2014,Ohio,89.1,25,26.1,37,9.7,30,51454,,,,,0.76,15.8,13.4,7.5,,,,,,,,,
575,2015,Ohio,89.1,25,26.1,37,9.7,30,55150,,,,,0.73,14.8,5.73,6.1,,,,,,,,,
576,2000,Oklahoma,86.9,32,24.1,42,8,43,49423,120.3,186.5,0,0,,13.8,-39.29,3.5,65.3,0.55,0.5195,0.6079,37,0.760723710694637,Gore,G.W. Bush,1
577,2001,Oklahoma,86.9,32,24.1,42,8,43,49816,,,,,1.55,15.5,-21.05,3.2,65.4125,,,,,,,,
578,2002,Oklahoma,86.9,32,24.1,42,8,43,47967,,,,,2.38,15,-31.53,4.9,65.525,,,,,,,,
579,2003,Oklahoma,86.9,32,24.1,42,8,43,51534,,,,,1.88,16.1,50.01,5.7,65.6375,,,,,,,,
580,2004,Oklahoma,86.9,32,24.1,42,8,43,47368,332.7,355,0,0,3.26,15.3,8.59,5.7,65.69375,0.51,0.5264,0.5162,46,0.779281004041693,Kerry,G.W. Bush,1
581,2005,Oklahoma,86.9,32,24.1,42,8,43,47335,,,,,3.42,16.5,1.37,5.1,65.75,,,,,,,,
582,2006,Oklahoma,86.9,32,24.1,42,8,43,51218,,,,,2.54,17,9.52,4.3,65.80625,,,,,,,,
583,2007,Oklahoma,86.9,32,24.1,42,8,43,52627,,,,,4.08,15.9,9.81,4.6,65.8625,,,,,,,,
584,2008,Oklahoma,86.9,32,24.1,42,8,43,52544,760.4,239.7,0,0,0.09,15.9,-40.54,3.8,65.975,0.49,0.4644,0.2397,54,0.82742092105535,Obama,McCain,1
585,2009,Oklahoma,86.9,32,24.1,42,8,43,48565,,,,,2.72,16.2,43.89,5.5,66.0875,,,,,,,,
586,2010,Oklahoma,86.9,32,24.1,42,8,43,52927,,,,,1.5,16.9,16.91,7.6,66.2,,,,,,,,
587,2011,Oklahoma,86.9,32,24.1,42,8,43,51778,,,,,2.96,17.2,-1.8,6.6,,,,,,,,,
588,2012,Oklahoma,86.9,32,24.1,42,8,43,46142,737.1,458.7,70.5,143.3,1.74,17.2,15.91,5.8,,0.51,0.5563,0.396,67,0.869115601054883,Obama,Romney,1
589,2013,Oklahoma,86.9,32,24.1,42,8,43,48655,,,,,1.5,16.8,38.32,5.8,,,,,,,,,
590,2014,Oklahoma,86.9,32,24.1,42,8,43,48920,,,,,0.76,16.6,13.4,5.2,,,,,,,,,
591,2015,Oklahoma,86.9,32,24.1,42,8,43,48710,,,,,0.73,16.1,5.73,4.4,,,,,,,,,
592,2000,Oregon,89.8,19,30.8,17,11.5,15,57284,120.3,186.5,0,0,,13.2,-39.29,5.8,78.7,0.55,0.5195,0.6079,57,0.854162007424968,Gore,G.W. Bush,0
593,2001,Oregon,89.8,19,30.8,17,11.5,15,57118,,,,,1.55,13.4,-21.05,6,78.9875,,,,,,,,
594,2002,Oregon,89.8,19,30.8,17,11.5,15,55630,,,,,2.38,13.2,-31.53,9,79.275,,,,,,,,
595,2003,Oregon,89.8,19,30.8,17,11.5,15,53329,,,,,1.88,13.9,50.01,8.6,79.5625,,,,,,,,
596,2004,Oregon,89.8,19,30.8,17,11.5,15,55564,332.7,355,0,0,3.26,14.1,8.59,8.7,79.70625,0.51,0.5264,0.5162,56,0.89759625611572,Kerry,G.W. Bush,0
597,2005,Oregon,89.8,19,30.8,17,11.5,15,57393,,,,,3.42,14.1,1.37,7.2,79.85,,,,,,,,
598,2006,Oregon,89.8,19,30.8,17,11.5,15,59538,,,,,2.54,13.3,9.52,6.3,79.99375,,,,,,,,
599,2007,Oregon,89.8,19,30.8,17,11.5,15,59037,,,,,4.08,12.9,9.81,5.9,80.1375,,,,,,,,
600,2008,Oregon,89.8,19,30.8,17,11.5,15,56232,760.4,239.7,0,0,0.09,13.6,-40.54,6,80.425,0.49,0.4644,0.2397,44,1.00221069812607,Obama,McCain,0
601,2009,Oregon,89.8,19,30.8,17,11.5,15,57014,,,,,2.72,14.3,43.89,11.1,80.7125,,,,,,,,
602,2010,Oregon,89.8,19,30.8,17,11.5,15,56281,,,,,1.5,15.8,16.91,11.9,81,,,,,,,,
603,2011,Oregon,89.8,19,30.8,17,11.5,15,55380,,,,,2.96,17.5,-1.8,10.7,,,,,,,,,
604,2012,Oregon,89.8,19,30.8,17,11.5,15,59348,737.1,458.7,70.5,143.3,1.74,17.2,15.91,9.8,,0.51,0.5563,0.396,54,1.02562451979982,Obama,Romney,0
605,2013,Oregon,89.8,19,30.8,17,11.5,15,51646,,,,,1.5,16.7,38.32,9.3,,,,,,,,,
606,2014,Oregon,89.8,19,30.8,17,11.5,15,61022,,,,,0.76,16.6,13.4,7.8,,,,,,,,,
607,2015,Oregon,89.8,19,30.8,17,11.5,15,62944,,,,,0.73,15.4,5.73,6.4,,,,,,,,,
608,2000,Pennsylvania,89.2,24,28.6,24,11.2,17,60373,120.3,186.5,0,0,,10.5,-39.29,4.7,77.1,0.55,0.5195,0.6079,53,0.936105023035291,Gore,G.W. Bush,0
609,2001,Pennsylvania,89.2,24,28.6,24,11.2,17,58069,,,,,1.55,10.7,-21.05,5,77.3,,,,,,,,
610,2002,Pennsylvania,89.2,24,28.6,24,11.2,17,57361,,,,,2.38,10.5,-31.53,6.3,77.5,,,,,,,,
611,2003,Pennsylvania,89.2,24,28.6,24,11.2,17,57378,,,,,1.88,10.9,50.01,6.5,77.7,,,,,,,,
612,2004,Pennsylvania,89.2,24,28.6,24,11.2,17,58258,332.7,355,0,0,3.26,11.7,8.59,6.2,77.8,0.51,0.5264,0.5162,55,0.948415230801957,Kerry,G.W. Bush,0
613,2005,Pennsylvania,89.2,24,28.6,24,11.2,17,59082,,,,,3.42,11.9,1.37,5.7,77.9,,,,,,,,
614,2006,Pennsylvania,89.2,24,28.6,24,11.2,17,57406,,,,,2.54,12.1,9.52,5.2,78,,,,,,,,
615,2007,Pennsylvania,89.2,24,28.6,24,11.2,17,58666,,,,,4.08,11.6,9.81,5,78.1,,,,,,,,
616,2008,Pennsylvania,89.2,24,28.6,24,11.2,17,55172,760.4,239.7,0,0,0.09,12.1,-40.54,5.4,78.3,0.49,0.4644,0.2397,51,0.968203136298837,Obama,McCain,0
617,2009,Pennsylvania,89.2,24,28.6,24,11.2,17,54436,,,,,2.72,12.5,43.89,7.8,78.5,,,,,,,,
618,2010,Pennsylvania,89.2,24,28.6,24,11.2,17,54516,,,,,1.5,13.4,16.91,9.5,78.7,,,,,,,,
619,2011,Pennsylvania,89.2,24,28.6,24,11.2,17,55518,,,,,2.96,13.8,-1.8,8.6,,,,,,,,,
620,2012,Pennsylvania,89.2,24,28.6,24,11.2,17,56866,737.1,458.7,70.5,143.3,1.74,13.7,15.91,8.3,,0.51,0.5563,0.396,56,0.987104678447578,Obama,Romney,0
621,2013,Pennsylvania,89.2,24,28.6,24,11.2,17,58135,,,,,1.5,13.7,38.32,8.8,,,,,,,,,
622,2014,Pennsylvania,89.2,24,28.6,24,11.2,17,57185,,,,,0.76,13.6,13.4,6.8,,,,,,,,,
623,2015,Pennsylvania,89.2,24,28.6,24,11.2,17,62483,,,,,0.73,13.2,5.73,5.9,,,,,,,,,
624,2000,Rhode Island,86.2,34,31.9,13,12.8,10,63460,120.3,186.5,0,0,,10.7,-39.29,5.2,90.9,0.55,0.5195,0.6079,14,0.925772688643378,Gore,G.W. Bush,0
625,2001,Rhode Island,86.2,34,31.9,13,12.8,10,57958,,,,,1.55,12,-21.05,5.2,90.875,,,,,,,,
626,2002,Rhode Island,86.2,34,31.9,13,12.8,10,59736,,,,,2.38,10.7,-31.53,5.9,90.85,,,,,,,,
627,2003,Rhode Island,86.2,34,31.9,13,12.8,10,62359,,,,,1.88,11.3,50.01,6.4,90.825,,,,,,,,
628,2004,Rhode Island,86.2,34,31.9,13,12.8,10,62265,332.7,355,0,0,3.26,12.8,8.59,6.3,90.8125,0.51,0.5264,0.5162,15,0.985109551159328,Kerry,G.W. Bush,0
629,2005,Rhode Island,86.2,34,31.9,13,12.8,10,65492,,,,,3.42,12.3,1.37,6,90.8,,,,,,,,
630,2006,Rhode Island,86.2,34,31.9,13,12.8,10,64248,,,,,2.54,11.1,9.52,6.1,90.7875,,,,,,,,
631,2007,Rhode Island,86.2,34,31.9,13,12.8,10,60765,,,,,4.08,12,9.81,5.7,90.775,,,,,,,,
632,2008,Rhode Island,86.2,34,31.9,13,12.8,10,59137,760.4,239.7,0,0,0.09,11.7,-40.54,7.2,90.75,0.49,0.4644,0.2397,16,0.94514576145121,Obama,McCain,0
633,2009,Rhode Island,86.2,34,31.9,13,12.8,10,58164,,,,,2.72,11.5,43.89,11.1,90.725,,,,,,,,
634,2010,Rhode Island,86.2,34,31.9,13,12.8,10,53558,,,,,1.5,14,16.91,12.1,90.7,,,,,,,,
635,2011,Rhode Island,86.2,34,31.9,13,12.8,10,59969,,,,,2.96,14.7,-1.8,12,,,,,,,,,
636,2012,Rhode Island,86.2,34,31.9,13,12.8,10,60935,737.1,458.7,70.5,143.3,1.74,13.7,15.91,12.2,,0.51,0.5563,0.396,16,0.95956974063999,Obama,Romney,0
637,2013,Rhode Island,86.2,34,31.9,13,12.8,10,59365,,,,,1.5,14.3,38.32,10.5,,,,,,,,,
638,2014,Rhode Island,86.2,34,31.9,13,12.8,10,60771,,,,,0.76,14.3,13.4,9.8,,,,,,,,,
639,2015,Rhode Island,86.2,34,31.9,13,12.8,10,57633,,,,,0.73,13.9,5.73,7.5,,,,,,,,,
640,2000,South Carolina,85.6,37,25.8,39,9.3,35,52375,120.3,186.5,0,0,,14.4,-39.29,4.3,60.5,0.55,0.5195,0.6079,53,0.80668247081451,Gore,G.W. Bush,1
641,2001,South Carolina,85.6,37,25.8,39,9.3,35,51666,,,,,1.55,13.4,-21.05,4.6,61.225,,,,,,,,
642,2002,South Carolina,85.6,37,25.8,39,9.3,35,51410,,,,,2.38,14.2,-31.53,6.3,61.95,,,,,,,,
643,2003,South Carolina,85.6,37,25.8,39,9.3,35,50333,,,,,1.88,14.1,50.01,7.4,62.675,,,,,,,,
644,2004,South Carolina,85.6,37,25.8,39,9.3,35,50621,332.7,355,0,0,3.26,15.7,8.59,7.3,63.0375,0.51,0.5264,0.5162,58,0.789704318230164,Kerry,G.W. Bush,1
645,2005,South Carolina,85.6,37,25.8,39,9.3,35,48284,,,,,3.42,15.6,1.37,7.1,63.4,,,,,,,,
646,2006,South Carolina,85.6,37,25.8,39,9.3,35,52400,,,,,2.54,15.7,9.52,6.8,63.7625,,,,,,,,
647,2007,South Carolina,85.6,37,25.8,39,9.3,35,48112,,,,,4.08,15,9.81,6.5,64.125,,,,,,,,
648,2008,South Carolina,85.6,37,25.8,39,9.3,35,47073,760.4,239.7,0,0,0.09,15.7,-40.54,6,64.85,0.49,0.4644,0.2397,58,0.761017334352596,Obama,McCain,1
649,2009,South Carolina,85.6,37,25.8,39,9.3,35,46982,,,,,2.72,17.1,43.89,10.6,65.575,,,,,,,,
650,2010,South Carolina,85.6,37,25.8,39,9.3,35,43783,,,,,1.5,18.2,16.91,12.4,66.3,,,,,,,,
651,2011,South Carolina,85.6,37,25.8,39,9.3,35,47493,,,,,2.96,18.9,-1.8,11.3,,,,,,,,,
652,2012,South Carolina,85.6,37,25.8,39,9.3,35,46112,737.1,458.7,70.5,143.3,1.74,18.3,15.91,10.2,,0.51,0.5563,0.396,60,0.733870465352908,Obama,Romney,1
653,2013,South Carolina,85.6,37,25.8,39,9.3,35,45916,,,,,1.5,18.6,38.32,9.1,,,,,,,,,
654,2014,South Carolina,85.6,37,25.8,39,9.3,35,46567,,,,,0.76,18,13.4,6.6,,,,,,,,,
655,2015,South Carolina,85.6,37,25.8,39,9.3,35,47968,,,,,0.73,16.6,5.73,6.8,,,,,,,,,
656,2000,South Dakota,90.9,13,27,33,8,43,55060,120.3,186.5,0,0,,11.5,-39.29,3.1,51.9,0.55,0.5195,0.6079,70,0.796193585901507,Gore,G.W. Bush,1
657,2001,South Dakota,90.9,13,27,33,8,43,51749,,,,,1.55,11.6,-21.05,3.2,52.5,,,,,,,,
658,2002,South Dakota,90.9,13,27,33,8,43,52803,,,,,2.38,11.4,-31.53,4,53.1,,,,,,,,
659,2003,South Dakota,90.9,13,27,33,8,43,53476,,,,,1.88,11.1,50.01,4,53.7,,,,,,,,
660,2004,South Dakota,90.9,13,27,33,8,43,54296,332.7,355,0,0,3.26,11,8.59,4.2,54,0.51,0.5264,0.5162,71,0.894405445649862,Kerry,G.W. Bush,1
661,2005,South Dakota,90.9,13,27,33,8,43,55365,,,,,3.42,13.6,1.37,4.6,54.3,,,,,,,,
662,2006,South Dakota,90.9,13,27,33,8,43,55013,,,,,2.54,13.6,9.52,3.7,54.6,,,,,,,,
663,2007,South Dakota,90.9,13,27,33,8,43,58892,,,,,4.08,13.1,9.81,3.6,54.9,,,,,,,,
664,2008,South Dakota,90.9,13,27,33,8,43,52485,760.4,239.7,0,0,0.09,12.5,-40.54,3.1,55.5,0.49,0.4644,0.2397,67,0.940393793516663,Obama,McCain,1
665,2009,South Dakota,90.9,13,27,33,8,43,51099,,,,,2.72,14.2,43.89,5,56.1,,,,,,,,
666,2010,South Dakota,90.9,13,27,33,8,43,51581,,,,,1.5,14.4,16.91,5.9,56.7,,,,,,,,
667,2011,South Dakota,90.9,13,27,33,8,43,52856,,,,,2.96,13.9,-1.8,5.8,,,,,,,,,
668,2012,South Dakota,90.9,13,27,33,8,43,57394,737.1,458.7,70.5,143.3,1.74,13.4,15.91,5,,0.51,0.5563,0.396,76,0.975019208007143,Obama,Romney,1
669,2013,South Dakota,90.9,13,27,33,8,43,56298,,,,,1.5,14.2,38.32,4.6,,,,,,,,,
670,2014,South Dakota,90.9,13,27,33,8,43,54987,,,,,0.76,14.2,13.4,4.1,,,,,,,,,
671,2015,South Dakota,90.9,13,27,33,8,43,56975,,,,,0.73,13.7,5.73,3.8,,,,,,,,,
672,2000,Texas,81.9,49,27.6,29,9.4,33,56711,120.3,186.5,0,0,,15.1,-39.29,4.8,82.5,0.55,0.5195,0.6079,49,0.993693250436105,Gore,G.W. Bush,1
673,2001,Texas,81.9,49,27.6,29,9.4,33,54859,,,,,1.55,15,-21.05,4.3,82.775,,,,,,,,
674,2002,Texas,81.9,49,27.6,29,9.4,33,52468,,,,,2.38,15.6,-31.53,6.4,83.05,,,,,,,,
675,2003,Texas,81.9,49,27.6,29,9.4,33,53853,,,,,1.88,16.3,50.01,7,83.325,,,,,,,,
676,2004,Texas,81.9,49,27.6,29,9.4,33,52120,332.7,355,0,0,3.26,16.6,8.59,6.6,83.4625,0.51,0.5264,0.5162,59,0.971942139970219,Kerry,G.W. Bush,1
677,2005,Texas,81.9,49,27.6,29,9.4,33,52781,,,,,3.42,17.6,1.37,5.9,83.6,,,,,,,,
678,2006,Texas,81.9,49,27.6,29,9.4,33,54580,,,,,2.54,16.9,9.52,5.3,83.7375,,,,,,,,
679,2007,Texas,81.9,49,27.6,29,9.4,33,53060,,,,,4.08,16.3,9.81,4.7,83.875,,,,,,,,
680,2008,Texas,81.9,49,27.6,29,9.4,33,54373,760.4,239.7,0,0,0.09,5.8,-40.54,4.6,84.15,0.49,0.4644,0.2397,55,0.997541373112126,Obama,McCain,1
681,2009,Texas,81.9,49,27.6,29,9.4,33,53255,,,,,2.72,17.2,43.89,6.4,84.425,,,,,,,,
682,2010,Texas,81.9,49,27.6,29,9.4,33,53573,,,,,1.5,17.9,16.91,8.6,84.7,,,,,,,,
683,2011,Texas,81.9,49,27.6,29,9.4,33,55542,,,,,2.96,18.5,-1.8,8.3,,,,,,,,,
684,2012,Texas,81.9,49,27.6,29,9.4,33,55891,737.1,458.7,70.5,143.3,1.74,17.9,15.91,7.3,,0.51,0.5563,0.396,66,1.04306746682725,Obama,Romney,1
685,2013,Texas,81.9,49,27.6,29,9.4,33,54183,,,,,1.5,17.5,38.32,7,,,,,,,,,
686,2014,Texas,81.9,49,27.6,29,9.4,33,55839,,,,,0.76,17.2,13.4,5.7,,,,,,,,,
687,2015,Texas,81.9,49,27.6,29,9.4,33,58432,,,,,0.73,15.9,5.73,4.7,,,,,,,,,
688,2000,Utah,91.2,10,31.1,15,10.4,23,65707,120.3,186.5,0,0,,8.8,-39.29,3.4,88.2,0.55,0.5195,0.6079,69,0.865388916223107,Gore,G.W. Bush,1
689,2001,Utah,91.2,10,31.1,15,10.4,23,65397,,,,,1.55,8.6,-21.05,4.1,88.5,,,,,,,,
690,2002,Utah,91.2,10,31.1,15,10.4,23,65834,,,,,2.38,10.5,-31.53,5.7,88.8,,,,,,,,
691,2003,Utah,91.2,10,31.1,15,10.4,23,66178,,,,,1.88,10.6,50.01,6.2,89.1,,,,,,,,
692,2004,Utah,91.2,10,31.1,15,10.4,23,68970,332.7,355,0,0,3.26,10.9,8.59,5.7,89.25,0.51,0.5264,0.5162,75,0.852776005105297,Kerry,G.W. Bush,1
693,2005,Utah,91.2,10,31.1,15,10.4,23,66579,,,,,3.42,10.2,1.37,4.7,89.4,,,,,,,,
694,2006,Utah,91.2,10,31.1,15,10.4,23,63440,,,,,2.54,10.6,9.52,3.8,89.55,,,,,,,,
695,2007,Utah,91.2,10,31.1,15,10.4,23,71375,,,,,4.08,9.7,9.81,2.7,89.7,,,,,,,,
696,2008,Utah,91.2,10,31.1,15,10.4,23,66990,760.4,239.7,0,0,0.09,9.6,-40.54,3.3,90,0.49,0.4644,0.2397,73,0.896159170265077,Obama,McCain,1
697,2009,Utah,91.2,10,31.1,15,10.4,23,63886,,,,,2.72,11.5,43.89,6.6,90.3,,,,,,,,
698,2010,Utah,91.2,10,31.1,15,10.4,23,60614,,,,,1.5,13.2,16.91,8.4,90.6,,,,,,,,
699,2011,Utah,91.2,10,31.1,15,10.4,23,62403,,,,,2.96,13.5,-1.8,7.9,,,,,,,,,
700,2012,Utah,91.2,10,31.1,15,10.4,23,66368,737.1,458.7,70.5,143.3,1.74,12.8,15.91,6.2,,0.51,0.5563,0.396,77,0.870506883734452,Obama,Romney,1
701,2013,Utah,91.2,10,31.1,15,10.4,23,64344,,,,,1.5,12.7,38.32,5.4,,,,,,,,,
702,2014,Utah,91.2,10,31.1,15,10.4,23,65694,,,,,0.76,11.7,13.4,4.4,,,,,,,,,
703,2015,Utah,91.2,10,31.1,15,10.4,23,68556,,,,,0.73,11.3,5.73,3.9,,,,,,,,,
704,2000,Vermont,91.8,6,36,7,14.3,6,56619,120.3,186.5,0,0,,10.7,-39.29,3.4,38.2,0.55,0.5195,0.6079,44,0.819027597620432,Gore,G.W. Bush,0
705,2001,Vermont,91.8,6,36,7,14.3,6,58753,,,,,1.55,10.4,-21.05,3.7,38.2875,,,,,,,,
706,2002,Vermont,91.8,6,36,7,14.3,6,57799,,,,,2.38,8.5,-31.53,4.4,38.375,,,,,,,,
707,2003,Vermont,91.8,6,36,7,14.3,6,61570,,,,,1.88,9.7,50.01,5.1,38.4625,,,,,,,,
708,2004,Vermont,91.8,6,36,7,14.3,6,63800,332.7,355,0,0,3.26,9,8.59,4.8,38.50625,0.51,0.5264,0.5162,47,0.875664752180387,Kerry,G.W. Bush,0
709,2005,Vermont,91.8,6,36,7,14.3,6,63353,,,,,3.42,11.5,1.37,4.2,38.55,,,,,,,,
710,2006,Vermont,91.8,6,36,7,14.3,6,56165,,,,,2.54,10.3,9.52,4.3,38.59375,,,,,,,,
711,2007,Vermont,91.8,6,36,7,14.3,6,57872,,,,,4.08,10.1,9.81,4.6,38.6375,,,,,,,,
712,2008,Vermont,91.8,6,36,7,14.3,6,59920,760.4,239.7,0,0,0.09,10.6,-40.54,5,38.725,0.49,0.4644,0.2397,31,0.862874733993099,Obama,McCain,0
713,2009,Vermont,91.8,6,36,7,14.3,6,63015,,,,,2.72,11.4,43.89,6.8,38.8125,,,,,,,,
714,2010,Vermont,91.8,6,36,7,14.3,6,56648,,,,,1.5,12.7,16.91,7,38.9,,,,,,,,
715,2011,Vermont,91.8,6,36,7,14.3,6,59452,,,,,2.96,11.5,-1.8,6.6,,,,,,,,,
716,2012,Vermont,91.8,6,36,7,14.3,6,57804,737.1,458.7,70.5,143.3,1.74,11.8,15.91,5.8,,0.51,0.5563,0.396,31,0.893847208090205,Obama,Romney,0
717,2013,Vermont,91.8,6,36,7,14.3,6,69052,,,,,1.5,12.3,38.32,5.2,,,,,,,,,
718,2014,Vermont,91.8,6,36,7,14.3,6,62922,,,,,0.76,12.2,13.4,4.7,,,,,,,,,
719,2015,Vermont,91.8,6,36,7,14.3,6,61557,,,,,0.73,10.2,5.73,4.4,,,,,,,,,
720,2000,Virginia,88.3,29,36.3,6,15.4,4,69731,120.3,186.5,0,0,,9.2,-39.29,2.9,73,0.55,0.5195,0.6079,52,1.05812497204455,Gore,G.W. Bush,1
721,2001,Virginia,88.3,29,36.3,6,15.4,4,67815,,,,,1.55,9.3,-21.05,2.6,73.3125,,,,,,,,
722,2002,Virginia,88.3,29,36.3,6,15.4,4,73193,,,,,2.38,9.9,-31.53,4.6,73.625,,,,,,,,
723,2003,Virginia,88.3,29,36.3,6,15.4,4,66529,,,,,1.88,9,50.01,4.6,73.9375,,,,,,,,
724,2004,Virginia,88.3,29,36.3,6,15.4,4,65322,332.7,355,0,0,3.26,9.5,8.59,4.3,74.09375,0.51,0.5264,0.5162,61,1.0721123165284,Kerry,G.W. Bush,1
725,2005,Virginia,88.3,29,36.3,6,15.4,4,69615,,,,,3.42,10,1.37,3.9,74.25,,,,,,,,
726,2006,Virginia,88.3,29,36.3,6,15.4,4,70115,,,,,2.54,9.6,9.52,3.3,74.40625,,,,,,,,
727,2007,Virginia,88.3,29,36.3,6,15.4,4,70745,,,,,4.08,9.9,9.81,3.3,74.5625,,,,,,,,
728,2008,Virginia,88.3,29,36.3,6,15.4,4,69292,760.4,239.7,0,0,0.09,10.2,-40.54,3.7,74.875,0.49,0.4644,0.2397,51,1.07404805685833,Obama,McCain,0
729,2009,Virginia,88.3,29,36.3,6,15.4,4,68017,,,,,2.72,10.5,43.89,6.1,75.1875,,,,,,,,
730,2010,Virginia,88.3,29,36.3,6,15.4,4,68394,,,,,1.5,11.1,16.91,7.9,75.5,,,,,,,,
731,2011,Virginia,88.3,29,36.3,6,15.4,4,69132,,,,,2.96,11.5,-1.8,7.1,,,,,,,,,
732,2012,Virginia,88.3,29,36.3,6,15.4,4,71272,737.1,458.7,70.5,143.3,1.74,11.7,15.91,6.6,,0.51,0.5563,0.396,62,1.07020786178541,Obama,Romney,0
733,2013,Virginia,88.3,29,36.3,6,15.4,4,69467,,,,,1.5,11.7,38.32,6.4,,,,,,,,,
734,2014,Virginia,88.3,29,36.3,6,15.4,4,68567,,,,,0.76,11.8,13.4,5.7,,,,,,,,,
735,2015,Virginia,88.3,29,36.3,6,15.4,4,63618,,,,,0.73,11.2,5.73,5.2,,,,,,,,,
736,2000,Washington,90.4,16,32.9,11,12,13,58973,120.3,186.5,0,0,,11.6,-39.29,5.7,82,0.55,0.5195,0.6079,48,1.1196269624726,Gore,G.W. Bush,0
737,2001,Washington,90.4,16,32.9,11,12,13,61738,,,,,1.55,10.8,-21.05,6.3,82.25,,,,,,,,
738,2002,Washington,90.4,16,32.9,11,12,13,63473,,,,,2.38,11.4,-31.53,8.3,82.5,,,,,,,,
739,2003,Washington,90.4,16,32.9,11,12,13,64944,,,,,1.88,11,50.01,8.1,82.75,,,,,,,,
740,2004,Washington,90.4,16,32.9,11,12,13,63727,332.7,355,0,0,3.26,13.1,8.59,7.7,82.875,0.51,0.5264,0.5162,48,1.05098915124442,Kerry,G.W. Bush,0
741,2005,Washington,90.4,16,32.9,11,12,13,66695,,,,,3.42,11.9,1.37,6.4,83,,,,,,,,
742,2006,Washington,90.4,16,32.9,11,12,13,68834,,,,,2.54,11.8,9.52,5.6,83.125,,,,,,,,
743,2007,Washington,90.4,16,32.9,11,12,13,64634,,,,,4.08,11.4,9.81,5.5,83.25,,,,,,,,
744,2008,Washington,90.4,16,32.9,11,12,13,69167,760.4,239.7,0,0,0.09,11.3,-40.54,5.3,83.5,0.49,0.4644,0.2397,35,1.13507985372203,Obama,McCain,0
745,2009,Washington,90.4,16,32.9,11,12,13,63280,,,,,2.72,12.3,43.89,7.9,83.75,,,,,,,,
746,2010,Washington,90.4,16,32.9,11,12,13,62096,,,,,1.5,13.4,16.91,11.3,84,,,,,,,,
747,2011,Washington,90.4,16,32.9,11,12,13,66517,,,,,2.96,13.9,-1.8,10.5,,,,,,,,,
748,2012,Washington,90.4,16,32.9,11,12,13,63353,737.1,458.7,70.5,143.3,1.74,13.5,15.91,9.4,,0.51,0.5563,0.396,44,1.10935066553149,Obama,Romney,0
749,2013,Washington,90.4,16,32.9,11,12,13,67375,,,,,1.5,14.1,38.32,8.4,,,,,,,,,
750,2014,Washington,90.4,16,32.9,11,12,13,61222,,,,,0.76,13.2,13.4,7.1,,,,,,,,,
751,2015,Washington,90.4,16,32.9,11,12,13,69575,,,,,0.73,12.2,5.73,6.5,,,,,,,,,
752,2000,West Virginia,85,42,19.2,50,7.4,50,41184,120.3,186.5,0,0,,18.6,-39.29,6.5,46.1,0.55,0.5195,0.6079,22,0.718879992843405,Gore,G.W. Bush,1
753,2001,West Virginia,85,42,19.2,50,7.4,50,40116,,,,,1.55,17.2,-21.05,6.1,46.425,,,,,,,,
754,2002,West Virginia,85,42,19.2,50,7.4,50,43773,,,,,2.38,17.2,-31.53,6.4,46.75,,,,,,,,
755,2003,West Virginia,85,42,19.2,50,7.4,50,43415,,,,,1.88,18.5,50.01,6.8,47.075,,,,,,,,
756,2004,West Virginia,85,42,19.2,50,7.4,50,45858,332.7,355,0,0,3.26,17.9,8.59,6.3,47.2375,0.51,0.5264,0.5162,31,0.699042756860243,Kerry,G.W. Bush,1
757,2005,West Virginia,85,42,19.2,50,7.4,50,46824,,,,,3.42,18,1.37,5.8,47.4,,,,,,,,
758,2006,West Virginia,85,42,19.2,50,7.4,50,49885,,,,,2.54,17.3,9.52,5.2,47.5625,,,,,,,,
759,2007,West Virginia,85,42,19.2,50,7.4,50,43363,,,,,4.08,16.9,9.81,5.1,47.725,,,,,,,,
760,2008,West Virginia,85,42,19.2,50,7.4,50,46373,760.4,239.7,0,0,0.09,17,-40.54,5.1,48.05,0.49,0.4644,0.2397,29,0.716493460878907,Obama,McCain,1
761,2009,West Virginia,85,42,19.2,50,7.4,50,48198,,,,,2.72,17.7,43.89,6.5,48.375,,,,,,,,
762,2010,West Virginia,85,42,19.2,50,7.4,50,45680,,,,,1.5,18.1,16.91,9.4,48.7,,,,,,,,
763,2011,West Virginia,85,42,19.2,50,7.4,50,46586,,,,,2.96,18.6,-1.8,9.6,,,,,,,,,
764,2012,West Virginia,85,42,19.2,50,7.4,50,42415,737.1,458.7,70.5,143.3,1.74,17.8,15.91,8.1,,0.51,0.5563,0.396,31,0.737483647237162,Obama,Romney,1
765,2013,West Virginia,85,42,19.2,50,7.4,50,45395,,,,,1.5,18.5,38.32,8.2,,,,,,,,,
766,2014,West Virginia,85,42,19.2,50,7.4,50,40994,,,,,0.76,18.3,13.4,7.7,,,,,,,,,
767,2015,West Virginia,85,42,19.2,50,7.4,50,44309,,,,,0.73,17.9,5.73,7.4,,,,,,,,,
768,2000,Wisconsin,91,11,27.8,27,9.4,33,62937,120.3,186.5,0,0,,8.9,-39.29,3.8,68.3,0.55,0.5195,0.6079,54,0.937312698483696,Gore,G.W. Bush,0
769,2001,Wisconsin,91,11,27.8,27,9.4,33,62721,,,,,1.55,9.8,-21.05,4.5,68.5375,,,,,,,,
770,2002,Wisconsin,91,11,27.8,27,9.4,33,61818,,,,,2.38,9.7,-31.53,6.1,68.775,,,,,,,,
771,2003,Wisconsin,91,11,27.8,27,9.4,33,59493,,,,,1.88,10.5,50.01,6.4,69.0125,,,,,,,,
772,2004,Wisconsin,91,11,27.8,27,9.4,33,56182,332.7,355,0,0,3.26,10.7,8.59,6,69.13125,0.51,0.5264,0.5162,58,0.945649861731546,Kerry,G.W. Bush,0
773,2005,Wisconsin,91,11,27.8,27,9.4,33,63001,,,,,3.42,10.2,1.37,5.5,69.25,,,,,,,,
774,2006,Wisconsin,91,11,27.8,27,9.4,33,60771,,,,,2.54,11,9.52,5.2,69.36875,,,,,,,,
775,2007,Wisconsin,91,11,27.8,27,9.4,33,58436,,,,,4.08,10.8,9.81,5.5,69.4875,,,,,,,,
776,2008,Wisconsin,91,11,27.8,27,9.4,33,58682,760.4,239.7,0,0,0.09,10.4,-40.54,5.2,69.725,0.49,0.4644,0.2397,51,0.921923100762381,Obama,McCain,0
777,2009,Wisconsin,91,11,27.8,27,9.4,33,56731,,,,,2.72,12.4,43.89,7.7,69.9625,,,,,,,,
778,2010,Wisconsin,91,11,27.8,27,9.4,33,56862,,,,,1.5,13.2,16.91,10.1,70.2,,,,,,,,
779,2011,Wisconsin,91,11,27.8,27,9.4,33,56775,,,,,2.96,13.1,-1.8,8.8,,,,,,,,,
780,2012,Wisconsin,91,11,27.8,27,9.4,33,58243,737.1,458.7,70.5,143.3,1.74,13.2,15.91,7.9,,0.51,0.5563,0.396,58,0.942334447743838,Obama,Romney,0
781,2013,Wisconsin,91,11,27.8,27,9.4,33,54520,,,,,1.5,13.5,38.32,7.8,,,,,,,,,
782,2014,Wisconsin,91,11,27.8,27,9.4,33,60198,,,,,0.76,13.2,13.4,6.4,,,,,,,,,
783,2015,Wisconsin,91,11,27.8,27,9.4,33,57347,,,,,0.73,12.1,5.73,5.4,,,,,,,,,
784,2000,Wyoming,92.3,3,25.7,40,8.6,40,55127,120.3,186.5,0,0,,11.4,-39.29,5.1,65.1,0.55,0.5195,0.6079,70,1.1364225969495,Gore,G.W. Bush,1
785,2001,Wyoming,92.3,3,25.7,40,8.6,40,54332,,,,,1.55,11.4,-21.05,4.8,65.0625,,,,,,,,
786,2002,Wyoming,92.3,3,25.7,40,8.6,40,56855,,,,,2.38,11,-31.53,4.8,65.025,,,,,,,,
787,2003,Wyoming,92.3,3,25.7,40,8.6,40,59057,,,,,1.88,9.7,50.01,5.4,64.9875,,,,,,,,
788,2004,Wyoming,92.3,3,25.7,40,8.6,40,56268,332.7,355,0,0,3.26,10.3,8.59,4.9,64.96875,0.51,0.5264,0.5162,73,1.18800255264837,Kerry,G.W. Bush,1
789,2005,Wyoming,92.3,3,25.7,40,8.6,40,57332,,,,,3.42,9.5,1.37,4.4,64.95,,,,,,,,
790,2006,Wyoming,92.3,3,25.7,40,8.6,40,57769,,,,,2.54,9.4,9.52,4.1,64.93125,,,,,,,,
791,2007,Wyoming,92.3,3,25.7,40,8.6,40,60875,,,,,4.08,8.7,9.81,3.5,64.9125,,,,,,,,
792,2008,Wyoming,92.3,3,25.7,40,8.6,40,60094,760.4,239.7,0,0,0.09,9.4,-40.54,3.7,64.875,0.49,0.4644,0.2397,73,1.42935063325138,Obama,McCain,1
793,2009,Wyoming,92.3,3,25.7,40,8.6,40,58816,,,,,2.72,9.8,43.89,5.2,64.8375,,,,,,,,
794,2010,Wyoming,92.3,3,25.7,40,8.6,40,59539,,,,,1.5,11.2,16.91,8.1,64.8,,,,,,,,
795,2011,Wyoming,92.3,3,25.7,40,8.6,40,61517,,,,,2.96,11.3,-1.8,7.2,,,,,,,,,
796,2012,Wyoming,92.3,3,25.7,40,8.6,40,58709,737.1,458.7,70.5,143.3,1.74,12.6,15.91,6.5,,0.51,0.5563,0.396,84,1.2613742550408,Obama,Romney,1
797,2013,Wyoming,92.3,3,25.7,40,8.6,40,71084,,,,,1.5,10.9,38.32,6.1,,,,,,,,,
798,2014,Wyoming,92.3,3,25.7,40,8.6,40,57721,,,,,0.76,11.2,13.4,5.3,,,,,,,,,
799,2015,Wyoming,92.3,3,25.7,40,8.6,40,63038,,,,,0.73,11.1,5.73,4.6,,,,,,,,,
